709684.437,4085797.673,502.344,470.977,1
709684.384,4085798.051,505.117,476.875,1
709684.300,4085798.921,522.969,488.672,1
709684.197,4085800.091,487.656,488.516,1
709684.101,4085801.440,514.531,487.461,1
709684.076,4085802.838,510.781,481.445,1
709684.096,4085804.189,486.250,481.875,1
709684.100,4085805.537,502.148,491.484,1
709684.109,4085806.979,491.719,469.102,1
709684.065,4085808.449,497.461,441.055,1
709683.978,4085809.931,479.727,420.664,1
709683.896,4085811.405,485.234,417.227,1
709683.809,4085812.865,478.281,412.070,1
709683.773,4085814.318,486.055,413.945,1
709683.794,4085815.734,493.008,425.078,1
709683.791,4085817.157,496.289,437.969,1
709683.767,4085818.543,488.398,464.141,1
709683.738,4085819.871,469.141,480.313,1
709683.675,4085821.131,495.547,470.625,1
709683.639,4085822.404,492.344,445.664,1
709683.556,4085823.761,473.086,432.148,1
709683.429,4085825.208,461.992,432.227,1
709683.416,4085826.816,462.305,419.023,1
709683.564,4085828.564,453.906,408.789,1
709683.724,4085830.301,456.172,411.953,1
709683.763,4085831.947,455.078,421.836,1
709683.678,4085833.565,455.000,410.469,1
709683.541,4085835.274,466.211,407.695,1
709683.421,4085837.059,465.547,408.047,1
709683.316,4085838.893,465.313,404.414,1
709683.198,4085840.762,453.555,393.828,1
709683.058,4085842.528,456.758,394.727,1
709682.899,4085844.306,460.234,392.969,1
709682.777,4085846.168,463.906,396.328,1
709682.721,4085848.065,460.352,401.875,1
709682.651,4085850.069,471.875,410.703,1
709682.545,4085852.125,482.539,425.664,1
709682.435,4085854.141,477.461,429.727,1
709682.358,4085856.176,475.898,447.227,1
709682.341,4085858.234,446.016,432.344,1
709682.332,4085860.337,461.875,431.680,1
709682.169,4085862.464,488.867,462.422,1
709681.969,4085864.552,482.422,454.727,1
709681.850,4085866.582,479.219,441.211,1
709681.806,4085868.571,484.883,446.445,1
709681.879,4085870.574,474.063,440.391,1
709681.968,4085872.469,476.602,415.273,1
709682.022,4085874.193,485.195,427.109,1
709682.035,4085875.875,503.438,445.898,1
709681.958,4085877.631,489.766,436.367,1
709681.850,4085879.433,493.438,431.406,1
709681.848,4085881.169,476.992,416.016,1
709681.896,4085882.935,493.398,430.820,1
709681.905,4085884.807,498.008,440.586,1
709681.940,4085886.746,505.352,449.023,1
709681.982,4085888.674,504.414,445.039,1
709681.885,4085890.528,500.859,448.047,1
709681.667,4085892.276,493.008,437.734,1
709681.375,4085893.889,486.758,433.359,1
709681.044,4085895.503,482.383,433.086,1
709680.751,4085897.228,480.977,434.531,1
709680.544,4085898.910,481.484,427.305,1
709680.397,4085900.549,471.250,417.930,1
709680.257,4085902.263,457.070,400.156,1
709680.120,4085903.926,466.836,391.406,1
709679.998,4085905.542,466.484,407.773,1
709679.848,4085907.250,480.352,429.063,1
709679.695,4085909.091,481.133,433.203,1
709679.593,4085910.983,476.055,435.938,1
709679.463,4085912.849,467.695,436.016,1
709679.293,4085914.726,473.672,437.070,1
709679.164,4085916.576,481.406,429.531,1
709679.159,4085918.324,464.258,427.852,1
709679.272,4085920.018,478.867,414.297,1
709679.427,4085921.738,466.992,409.805,1
709679.528,4085923.565,473.789,420.586,1
709679.409,4085925.514,468.320,407.344,1
709679.096,4085927.577,474.648,407.266,1
709678.860,4085929.763,471.172,416.797,1
709678.824,4085932.004,459.297,429.531,1
709678.858,4085934.288,446.680,439.297,1
709678.795,4085936.628,447.891,445.000,1
709678.615,4085938.964,464.844,439.531,1
709678.457,4085941.225,466.719,409.102,1
709678.318,4085943.399,455.156,404.531,1
709678.167,4085945.559,450.977,392.617,1
709678.067,4085947.748,464.453,408.594,1
709677.968,4085949.970,454.414,417.695,1
709677.852,4085952.210,446.445,406.250,1
709677.696,4085954.417,446.523,420.977,1
709677.494,4085956.654,459.688,426.406,1
709677.368,4085958.925,458.125,402.734,1
709677.431,4085961.229,454.922,394.961,1
709677.612,4085963.524,454.766,402.852,1
709677.682,4085965.734,449.375,437.305,1
709677.566,4085967.967,440.625,429.258,1
709677.358,4085970.346,435.781,416.992,1
709677.146,4085972.839,440.195,434.844,1
709676.940,4085975.381,458.672,452.969,1
709676.792,4085977.845,457.031,426.523,1
709676.772,4085980.285,449.688,393.750,1
709676.824,4085982.819,441.289,375.430,1
709676.839,4085985.334,436.953,380.195,1
709676.760,4085987.643,444.727,391.211,1
709676.641,4085989.692,466.367,443.242,1
709676.525,4085991.564,488.750,464.883,1
709676.368,4085993.361,492.539,448.086,1
709676.198,4085995.197,485.781,439.648,1
709676.075,4085997.138,474.844,437.344,1
709676.005,4085999.126,468.008,429.453,1
709676.014,4086001.181,461.133,406.953,1
709675.991,4086003.313,442.500,386.172,1
709675.878,4086005.427,445.078,382.461,1
709675.765,4086007.545,446.250,395.352,1
709675.639,4086009.730,447.109,414.258,1
709675.629,4086012.011,465.820,414.141,1
709675.743,4086014.378,465.430,406.563,1
709675.791,4086016.843,456.094,399.375,1
709675.740,4086019.316,460.547,395.703,1
709675.563,4086021.724,454.961,392.500,1
709675.309,4086024.088,460.039,390.273,1
709675.069,4086026.495,455.547,386.992,1
709674.874,4086028.993,460.156,390.977,1
709674.766,4086031.581,458.672,397.695,1
709674.715,4086034.147,462.148,389.688,1
709674.668,4086036.671,453.867,383.789,1
709674.642,4086039.216,445.195,373.789,1
709674.563,4086041.731,465.313,399.414,1
709674.396,4086044.224,472.305,429.180,1
709674.196,4086046.719,484.180,418.672,1
709674.065,4086049.176,493.086,417.891,1
709673.974,4086051.643,482.930,407.227,1
709673.818,4086054.163,489.141,430.078,1
709673.664,4086056.774,494.219,430.547,1
709673.488,4086059.403,485.859,449.883,1
709673.320,4086062.025,481.875,452.070,1
709673.282,4086064.593,488.516,463.359,1
709673.417,4086067.032,494.180,471.406,1
709673.613,4086069.392,477.578,432.773,1
709673.591,4086071.710,469.531,432.734,1
709673.418,4086074.094,485.078,427.227,1
709673.354,4086076.629,474.102,442.344,1
709673.290,4086079.161,482.695,446.211,1
709673.226,4086081.698,466.172,448.047,1
709673.204,4086084.218,488.320,458.867,1
709673.141,4086086.724,496.797,482.930,1
709672.814,4086089.252,491.133,476.406,1
709672.377,4086091.793,487.109,447.383,1
709672.118,4086094.370,492.266,457.852,1
709672.000,4086096.995,492.383,467.578,1
709671.943,4086099.675,492.852,478.906,1
709671.920,4086102.351,509.219,488.281,1
709671.849,4086104.977,510.742,498.477,1
709671.749,4086107.615,528.789,500.039,1
709671.639,4086110.243,510.313,501.484,1
709671.549,4086112.840,509.414,495.703,1
709671.537,4086115.413,514.453,475.273,1
709671.461,4086117.868,526.523,516.641,1
709671.282,4086120.239,507.500,511.641,1
709671.135,4086122.538,496.367,443.242,1
709671.060,4086124.822,471.563,423.125,1
709670.972,4086127.214,475.742,442.969,1
709670.856,4086129.584,479.688,455.742,1
709670.765,4086131.980,519.805,510.938,1
709670.699,4086134.463,520.664,518.633,1
709670.613,4086137.018,500.195,460.977,1
709670.445,4086139.631,476.133,464.219,1
709670.291,4086142.170,487.344,458.945,1
709670.317,4086144.586,489.023,462.852,1
709670.415,4086146.927,497.852,462.305,1
709670.416,4086149.292,497.227,493.398,1
709670.143,4086151.730,498.398,476.406,1
709669.559,4086154.235,474.141,451.289,1
709668.975,4086156.770,474.141,460.508,1
709668.582,4086159.270,473.555,459.102,1
709668.617,4086161.668,464.141,448.555,1
709668.712,4086164.191,465.664,443.555,1
709668.808,4086166.757,464.023,431.055,1
709668.835,4086169.319,469.453,455.781,1
709668.818,4086171.873,469.531,450.391,1
709668.686,4086174.435,443.984,409.375,1
709668.472,4086176.999,425.156,405.195,1
709668.222,4086179.557,386.289,323.438,1
709667.985,4086182.168,381.602,320.859,1
709667.879,4086184.725,408.477,363.672,1
709667.900,4086187.322,430.977,393.164,1
709667.972,4086189.977,427.422,434.141,1
709668.030,4086192.574,440.117,411.797,1
709667.972,4086195.114,430.859,406.289,1
709667.926,4086197.663,445.898,417.852,1
709667.869,4086200.186,459.180,410.586,1
709667.778,4086202.694,471.680,429.727,1
709667.757,4086205.145,474.258,439.766,1
709667.690,4086207.638,480.977,450.859,1
709667.575,4086210.137,481.328,449.844,1
709667.467,4086212.561,468.008,437.227,1
709667.440,4086215.027,461.094,430.547,1
709667.450,4086217.590,413.086,354.414,1
709667.483,4086220.219,386.992,320.000,1
709667.454,4086222.790,434.297,349.805,1
709667.248,4086225.370,487.070,407.070,1
709666.928,4086228.040,473.281,416.758,1
709666.614,4086230.653,486.953,443.164,1
709666.266,4086233.231,478.477,422.813,1
709666.052,4086235.809,461.094,374.922,1
709666.055,4086238.415,384.531,297.656,1
709665.944,4086241.156,341.875,263.711,1
709665.709,4086243.824,359.688,285.195,1
709665.497,4086246.321,391.875,320.586,1
709665.259,4086248.711,388.672,335.781,1
709665.098,4086251.113,393.984,342.383,1
709664.956,4086253.527,389.102,343.906,1
709664.839,4086255.927,375.742,331.016,1
709664.770,4086258.344,345.078,287.891,1
709664.682,4086260.745,314.023,252.578,1
709664.709,4086263.091,309.219,249.063,1
709664.672,4086265.502,318.164,265.195,1
709664.510,4086267.956,310.586,270.273,1
709664.503,4086270.393,305.547,265.586,1
709664.522,4086272.803,286.953,238.164,1
709664.319,4086275.105,266.875,220.430,1
709664.273,4086277.475,249.375,199.922,1
709664.563,4086279.720,230.352,180.039,1
709664.739,4086281.963,218.945,167.188,1
709664.721,4086284.261,217.305,162.383,1
709664.539,4086286.644,221.875,171.445,1
709664.320,4086289.099,220.938,173.086,1
709664.121,4086291.413,227.383,176.328,1
709663.920,4086293.663,236.094,189.688,1
709663.816,4086295.981,242.617,197.813,1
709663.676,4086298.292,241.445,197.188,1
709663.540,4086300.643,221.641,177.266,1
709663.480,4086303.025,198.789,157.656,1
709663.436,4086305.426,198.438,155.156,1
709663.435,4086307.710,207.109,165.820,1
709663.334,4086309.898,208.438,163.633,1
709663.188,4086312.174,195.898,152.109,1
709663.110,4086314.432,191.563,145.977,1
709662.875,4086316.612,191.758,144.297,1
709662.618,4086318.769,198.125,151.680,1
709662.449,4086320.962,200.977,155.625,1
709662.402,4086323.220,196.406,148.203,1
709662.442,4086325.325,206.328,148.984,1
709662.477,4086327.532,219.805,167.578,1
709662.515,4086329.738,222.305,183.555,1
709662.446,4086331.905,220.703,183.398,1
709662.456,4086334.128,225.234,182.305,1
709662.549,4086336.346,222.930,178.789,1
709662.444,4086338.536,243.047,186.094,1
709662.104,4086340.756,276.523,231.094,1
709661.822,4086342.884,299.102,246.094,1
709661.742,4086345.247,306.289,282.695,1
709661.585,4086347.615,300.352,262.266,1
709661.348,4086350.009,292.773,245.547,1
709661.086,4086352.281,301.055,270.781,1
709660.789,4086354.231,288.672,258.945,1
709660.560,4086356.238,275.273,227.930,1
709660.425,4086357.922,254.023,199.219,1
709633.507,4086345.072,314.766,262.227,2
709633.265,4086343.456,305.508,253.281,2
709633.176,4086341.765,277.656,239.141,2
709633.176,4086340.085,257.500,216.367,2
709633.236,4086339.064,256.211,208.516,2
709633.268,4086338.934,256.992,206.992,2
709633.254,4086338.972,257.227,207.031,2
709633.251,4086338.817,256.445,207.305,2
709633.313,4086338.061,253.594,200.625,2
709633.495,4086336.723,245.820,191.680,2
709633.678,4086334.978,233.828,180.547,2
709633.834,4086333.004,215.469,169.063,2
709634.068,4086330.965,204.766,158.711,2
709634.234,4086329.009,199.023,154.883,2
709634.226,4086327.093,206.211,161.367,2
709634.245,4086324.883,218.398,166.484,2
709634.307,4086322.800,234.688,172.656,2
709634.379,4086320.783,246.914,184.609,2
709634.585,4086318.965,252.070,192.109,2
709634.841,4086317.294,242.148,180.781,2
709635.054,4086315.336,225.078,168.320,2
709635.137,4086313.485,204.336,153.906,2
709635.100,4086311.599,191.758,142.656,2
709635.030,4086309.764,181.836,135.508,2
709635.104,4086308.075,175.664,129.219,2
709635.307,4086306.109,168.008,126.133,2
709635.423,4086304.140,167.813,127.148,2
709635.618,4086302.076,172.773,129.180,2
709635.882,4086299.955,175.781,134.570,2
709635.985,4086297.843,179.414,136.523,2
709636.016,4086295.743,179.844,139.141,2
709636.016,4086293.678,179.727,138.750,2
709635.948,4086291.633,177.695,135.195,2
709635.790,4086289.604,181.328,136.602,2
709635.635,4086287.710,181.328,137.773,2
709635.635,4086285.563,185.430,139.063,2
709635.805,4086283.372,187.695,140.078,2
709636.098,4086281.147,187.344,141.836,2
709636.319,4086278.958,177.969,133.320,2
709636.366,4086276.843,175.391,129.922,2
709636.463,4086274.520,186.719,138.789,2
709636.525,4086272.240,225.195,169.531,2
709636.454,4086270.002,267.773,222.969,2
709636.588,4086267.778,294.219,237.578,2
709636.741,4086265.684,294.375,266.719,2
709636.709,4086263.442,303.945,295.273,2
709636.573,4086261.163,291.953,263.086,2
709636.585,4086258.792,273.047,213.008,2
709636.752,4086256.464,257.617,195.781,2
709636.974,4086254.171,268.789,222.422,2
709637.249,4086251.584,257.773,199.883,2
709637.430,4086249.103,252.656,186.094,2
709637.544,4086246.656,273.125,207.188,2
709637.628,4086244.170,290.313,217.344,2
709637.791,4086241.742,296.719,237.227,2
709637.966,4086239.101,316.797,266.836,2
709638.120,4086236.514,342.188,285.039,2
709638.307,4086233.965,327.969,263.906,2
709638.408,4086231.437,312.109,246.953,2
709638.377,4086229.098,311.484,257.070,2
709638.408,4086226.639,314.180,251.172,2
709638.520,4086224.173,291.953,226.250,2
709638.713,4086221.683,293.164,224.727,2
709638.943,4086219.202,291.680,219.414,2
709639.024,4086216.723,277.813,201.367,2
709639.062,4086214.288,291.484,210.000,2
709639.354,4086212.034,318.945,241.836,2
709639.867,4086209.832,341.563,268.438,2
709640.147,4086207.579,358.203,285.977,2
709640.191,4086205.399,381.680,296.445,2
709640.266,4086203.234,376.797,297.266,2
709640.377,4086201.004,369.297,292.813,2
709640.415,4086198.764,374.219,292.930,2
709640.458,4086196.496,384.375,306.016,2
709640.506,4086194.260,385.938,323.359,2
709640.524,4086191.814,382.891,313.438,2
709640.618,4086189.475,369.063,331.836,2
709640.856,4086187.071,369.648,328.477,2
709641.120,4086184.642,372.930,332.969,2
709641.279,4086182.218,372.578,309.180,2
709641.454,4086179.796,368.594,299.727,2
709641.547,4086177.417,350.156,281.953,2
709641.528,4086175.062,353.398,274.883,2
709641.618,4086172.724,375.625,298.477,2
709641.654,4086170.366,396.680,329.492,2
709641.601,4086167.928,394.180,318.242,2
709641.572,4086165.565,371.797,301.094,2
709641.622,4086163.289,367.500,292.930,2
709641.732,4086160.974,364.297,289.531,2
709641.893,4086158.733,373.164,294.883,2
709642.091,4086156.415,395.117,313.555,2
709642.106,4086154.094,387.969,379.609,2
709642.011,4086151.911,411.133,370.039,2
709642.099,4086149.847,439.805,410.664,2
709642.270,4086147.793,437.930,431.836,2
709642.288,4086145.597,461.289,372.656,2
709642.344,4086143.301,433.125,340.625,2
709642.457,4086140.986,396.992,304.922,2
709642.489,4086138.759,390.664,303.984,2
709642.542,4086136.564,392.188,309.492,2
709642.590,4086134.329,412.227,322.266,2
709642.591,4086132.102,431.367,342.734,2
709642.690,4086129.916,438.828,350.547,2
709642.974,4086127.716,435.508,355.430,2
709643.233,4086125.509,411.445,328.125,2
709643.466,4086123.239,401.289,310.977,2
709643.654,4086120.920,397.422,306.484,2
709643.688,4086118.553,410.781,318.281,2
709643.656,4086116.203,432.969,347.305,2
709643.591,4086113.903,439.063,359.844,2
709643.463,4086111.599,439.961,372.109,2
709643.367,4086109.375,447.188,365.234,2
709643.461,4086107.284,445.625,365.469,2
709643.688,4086105.181,446.914,362.461,2
709643.853,4086102.881,441.680,373.320,2
709643.957,4086100.396,445.313,355.898,2
709644.116,4086097.892,446.172,354.883,2
709644.330,4086095.438,453.125,360.391,2
709644.607,4086093.035,448.477,355.469,2
709644.739,4086090.629,445.234,353.242,2
709644.670,4086088.109,450.547,363.555,2
709644.660,4086085.617,451.445,359.570,2
709644.622,4086083.116,447.656,357.539,2
709644.458,4086080.829,445.703,355.859,2
709644.357,4086078.247,464.609,375.469,2
709644.443,4086076.752,475.117,390.430,2
709644.572,4086075.674,473.555,399.570,2
709645.040,4086071.393,468.438,385.000,2
709645.277,4086068.021,458.359,364.297,2
709645.378,4086065.393,457.383,358.438,2
709645.450,4086062.716,466.094,361.016,2
709645.471,4086060.111,471.211,370.508,2
709645.539,4086057.580,464.023,371.484,2
709645.592,4086055.087,459.141,372.539,2
709645.535,4086052.674,455.195,362.969,2
709645.534,4086050.252,440.430,358.164,2
709645.657,4086047.809,429.023,336.289,2
709645.846,4086045.305,433.242,342.227,2
709646.021,4086042.709,448.984,359.219,2
709646.265,4086040.111,454.258,373.125,2
709646.656,4086037.453,452.578,360.078,2
709646.964,4086034.818,440.898,351.328,2
709647.149,4086032.245,421.680,341.875,2
709647.305,4086029.761,423.047,330.117,2
709647.294,4086027.310,425.703,336.406,2
709647.247,4086024.743,418.906,346.914,2
709647.307,4086022.154,434.414,373.633,2
709647.370,4086019.625,444.180,373.750,2
709647.390,4086017.053,444.180,372.578,2
709647.446,4086014.448,448.281,377.188,2
709647.589,4086011.841,452.031,372.891,2
709647.797,4086009.248,436.641,361.641,2
709648.004,4086006.620,439.180,364.648,2
709648.304,4086004.032,440.469,359.258,2
709648.579,4086001.445,438.438,366.406,2
709648.712,4085998.801,444.961,376.484,2
709648.812,4085996.179,450.156,386.055,2
709648.847,4085993.618,470.664,399.844,2
709648.755,4085991.144,475.156,417.148,2
709648.681,4085988.659,470.977,394.180,2
709648.708,4085986.086,468.555,377.266,2
709648.789,4085983.532,472.773,380.391,2
709648.844,4085981.002,470.352,400.703,2
709648.864,4085978.461,467.852,400.977,2
709648.901,4085975.992,463.203,398.633,2
709649.035,4085973.566,458.516,385.273,2
709649.279,4085971.089,449.023,375.039,2
709649.467,4085968.565,452.656,378.906,2
709649.569,4085965.995,449.570,371.797,2
709649.677,4085963.392,451.367,370.156,2
709649.889,4085960.713,459.922,373.281,2
709650.166,4085958.043,460.664,379.023,2
709650.327,4085955.414,450.625,376.680,2
709650.460,4085952.828,458.047,370.273,2
709650.660,4085950.287,464.961,371.055,2
709650.860,4085947.711,469.297,391.602,2
709651.059,4085945.103,477.695,393.125,2
709651.349,4085942.520,467.773,392.422,2
709651.633,4085939.958,452.148,367.617,2
709651.699,4085937.436,456.758,373.281,2
709651.624,4085934.886,458.359,382.813,2
709651.542,4085932.281,448.477,365.820,2
709651.521,4085929.649,447.422,369.805,2
709651.575,4085927.014,445.898,361.016,2
709651.689,4085924.379,453.633,368.828,2
709651.854,4085921.703,451.641,372.344,2
709652.124,4085919.016,446.406,360.469,2
709652.475,4085916.305,438.594,348.789,2
709652.683,4085913.560,436.250,338.477,2
709652.643,4085910.868,440.820,335.195,2
709652.439,4085908.203,454.727,350.117,2
709652.256,4085905.615,450.234,373.594,2
709652.243,4085903.109,449.141,379.883,2
709652.398,4085900.527,461.133,389.883,2
709652.640,4085897.885,466.406,388.672,2
709652.872,4085895.256,469.414,387.148,2
709653.076,4085892.653,471.992,396.367,2
709653.242,4085890.061,466.367,393.711,2
709653.379,4085887.496,472.695,394.688,2
709653.503,4085884.905,475.898,402.656,2
709653.549,4085882.241,470.977,397.656,2
709653.592,4085879.601,448.125,394.648,2
709653.639,4085876.971,430.469,389.414,2
709653.607,4085874.381,453.828,384.766,2
709653.607,4085871.903,418.164,371.758,2
709653.622,4085869.394,415.039,359.336,2
709653.367,4085867.042,430.781,364.727,2
709653.078,4085864.768,448.750,371.680,2
709652.974,4085862.393,459.727,378.477,2
709652.966,4085859.795,467.266,380.273,2
709653.059,4085857.050,456.445,376.719,2
709653.388,4085854.355,445.898,381.289,2
709653.802,4085851.592,447.031,399.375,2
709654.025,4085848.836,439.648,371.133,2
709654.283,4085846.199,437.656,358.398,2
709654.628,4085843.614,434.375,360.313,2
709654.915,4085841.013,425.938,350.195,2
709655.143,4085838.382,424.023,351.719,2
709655.288,4085835.738,419.883,340.039,2
709655.407,4085833.114,430.469,358.359,2
709655.565,4085830.536,438.281,375.547,2
709655.724,4085828.038,435.391,373.242,2
709655.827,4085825.565,452.539,376.992,2
709655.868,4085823.014,462.422,395.625,2
709655.903,4085820.436,453.359,373.086,2
709656.026,4085817.846,450.508,372.969,2
709656.252,4085815.235,453.125,389.336,2
709656.529,4085812.666,455.898,390.859,2
709656.843,4085810.183,470.430,407.148,2
709657.087,4085807.738,479.258,411.094,2
709657.200,4085805.213,459.141,400.117,2
709657.284,4085802.663,438.086,383.359,2
709657.385,4085800.172,438.008,394.609,2
709657.191,4085797.955,448.281,402.344,2
709656.676,4085796.090,419.453,392.344,2
709656.165,4085794.489,412.227,382.461,2
709655.651,4085793.068,421.563,392.305,2
709633.791,4085794.734,448.594,392.656,3
709634.015,4085796.127,441.758,372.031,3
709634.268,4085797.636,446.914,373.008,3
709634.242,4085799.390,465.508,401.797,3
709634.048,4085801.293,461.953,408.125,3
709633.788,4085803.273,452.188,402.305,3
709633.483,4085805.354,438.125,388.867,3
709633.191,4085807.489,429.883,374.688,3
709632.947,4085809.638,431.016,375.586,3
709632.746,4085811.802,429.883,371.445,3
709632.639,4085813.965,434.531,364.531,3
709632.632,4085816.171,447.031,376.914,3
709632.559,4085818.439,442.422,380.625,3
709632.391,4085820.740,446.328,380.234,3
709632.255,4085823.058,436.328,368.672,3
709632.207,4085825.320,437.070,370.859,3
709632.214,4085827.547,438.555,374.336,3
709632.193,4085829.786,441.641,375.859,3
709632.088,4085832.019,437.383,375.586,3
709631.948,4085834.255,435.039,369.180,3
709631.873,4085836.542,433.086,371.367,3
709631.870,4085838.877,445.508,376.445,3
709631.864,4085841.218,438.008,374.609,3
709631.822,4085843.542,443.203,383.398,3
709631.748,4085845.856,451.406,395.781,3
709631.628,4085848.167,450.586,390.664,3
709631.483,4085850.565,449.141,392.422,3
709631.385,4085853.054,445.859,387.031,3
709631.321,4085855.592,435.898,364.688,3
709631.261,4085858.124,438.203,367.539,3
709631.208,4085860.586,432.109,357.773,3
709631.144,4085863.033,437.148,370.391,3
709631.056,4085865.484,456.172,384.961,3
709630.900,4085867.903,458.438,390.586,3
709630.689,4085870.331,456.836,393.047,3
709630.513,4085872.761,457.344,398.516,3
709630.387,4085875.249,448.047,388.789,3
709630.342,4085877.835,449.531,387.578,3
709630.343,4085880.434,441.836,380.039,3
709630.330,4085883.039,435.469,360.977,3
709630.343,4085885.658,423.555,356.055,3
709630.300,4085888.329,421.172,344.297,3
709630.108,4085891.043,445.586,370.664,3
709629.912,4085893.729,453.555,381.953,3
709629.724,4085896.295,454.063,380.352,3
709629.479,4085898.778,459.375,395.742,3
709629.325,4085901.310,460.234,387.422,3
709629.279,4085903.863,453.750,392.148,3
709629.201,4085906.356,447.031,389.688,3
709629.086,4085908.821,449.023,388.477,3
709628.987,4085911.224,451.406,387.227,3
709628.949,4085913.633,451.328,389.883,3
709628.920,4085916.106,456.797,386.133,3
709628.856,4085918.571,456.016,384.688,3
709628.749,4085921.026,458.477,380.039,3
709628.533,4085923.494,454.219,377.617,3
709628.307,4085925.982,458.086,379.180,3
709628.176,4085928.491,456.836,382.813,3
709628.103,4085930.968,446.133,379.023,3
709628.038,4085933.417,436.680,367.578,3
709627.939,4085935.850,430.977,369.180,3
709627.827,4085938.325,439.414,381.406,3
709627.707,4085940.824,444.063,378.633,3
709627.537,4085943.338,451.992,394.063,3
709627.349,4085945.889,459.961,391.250,3
709627.169,4085948.421,455.508,387.734,3
709627.038,4085950.930,441.406,380.000,3
709627.035,4085953.423,428.594,360.391,3
709627.032,4085955.818,421.797,355.859,3
709626.872,4085958.162,421.289,349.570,3
709626.660,4085960.485,424.844,352.969,3
709626.518,4085962.829,430.508,355.195,3
709626.441,4085965.248,439.492,364.336,3
709626.395,4085967.679,436.328,356.289,3
709626.316,4085970.144,430.586,351.172,3
709626.219,4085972.629,439.961,365.234,3
709626.113,4085975.117,448.555,379.180,3
709625.979,4085977.590,449.922,383.750,3
709625.868,4085980.013,447.305,376.133,3
709625.741,4085982.468,450.859,384.453,3
709625.581,4085984.959,441.875,376.680,3
709625.402,4085987.461,448.555,390.703,3
709625.287,4085989.920,451.602,404.180,3
709625.282,4085992.336,454.727,386.914,3
709625.276,4085994.754,471.836,402.773,3
709625.271,4085997.170,469.297,402.500,3
709625.295,4085999.591,463.555,393.008,3
709625.367,4086001.982,456.211,382.813,3
709625.408,4086004.278,443.984,371.484,3
709625.352,4086006.528,452.305,375.000,3
709625.165,4086008.801,459.414,397.266,3
709625.006,4086011.083,457.109,399.766,3
709624.940,4086013.453,460.664,405.430,3
709624.934,4086015.887,464.844,416.016,3
709624.899,4086018.410,458.242,398.477,3
709624.805,4086021.005,443.008,383.984,3
709624.747,4086023.622,439.609,378.438,3
709624.754,4086026.221,432.617,381.211,3
709624.741,4086028.784,441.719,394.805,3
709624.635,4086031.328,445.039,396.797,3
709624.510,4086033.797,440.859,391.641,3
709624.504,4086036.211,440.664,386.836,3
709624.537,4086038.713,425.078,376.992,3
709624.547,4086041.142,424.609,371.523,3
709624.515,4086043.517,430.625,370.898,3
709624.321,4086045.878,434.492,373.242,3
709623.994,4086048.209,458.477,409.141,3
709623.744,4086050.544,473.047,417.734,3
709623.630,4086052.861,471.953,422.148,3
709623.538,4086055.237,470.430,419.375,3
709623.435,4086057.630,475.273,417.891,3
709623.289,4086060.092,476.172,416.836,3
709623.121,4086062.660,473.789,431.953,3
709622.996,4086065.160,472.344,431.563,3
709622.842,4086067.569,475.430,427.969,3
709622.629,4086069.931,484.023,436.406,3
709622.469,4086072.227,481.211,427.383,3
709622.362,4086074.558,476.406,408.711,3
709622.218,4086076.973,480.234,415.078,3
709622.034,4086079.429,477.422,409.766,3
709621.823,4086081.842,486.289,430.195,3
709621.685,4086084.212,511.719,467.695,3
709621.617,4086086.502,503.359,457.695,3
709621.543,4086088.749,497.578,442.148,3
709621.428,4086091.020,493.047,438.945,3
709621.222,4086093.196,484.414,419.805,3
709620.992,4086095.446,471.953,398.711,3
709620.877,4086097.924,483.359,403.242,3
709620.746,4086100.438,485.781,408.398,3
709620.610,4086102.991,474.727,394.453,3
709620.546,4086105.574,493.438,423.594,3
709620.558,4086108.202,488.164,420.195,3
709620.580,4086110.846,471.367,412.109,3
709620.513,4086113.397,443.320,374.727,3
709620.526,4086115.943,473.633,404.219,3
709620.540,4086118.493,471.055,420.586,3
709620.451,4086121.039,494.492,445.781,3
709620.304,4086123.603,497.109,444.688,3
709620.189,4086126.067,459.180,412.734,3
709620.096,4086128.502,417.656,361.641,3
709620.053,4086130.951,407.188,338.086,3
709620.014,4086133.379,424.453,361.094,3
709619.849,4086135.844,457.109,393.398,3
709619.704,4086138.283,460.898,409.102,3
709619.504,4086140.716,452.539,409.375,3
709619.202,4086143.116,436.055,388.594,3
709618.943,4086145.514,437.344,384.102,3
709618.661,4086148.026,413.672,363.633,3
709618.407,4086150.510,398.789,332.617,3
709618.369,4086153.054,390.391,315.938,3
709618.382,4086155.622,393.867,328.555,3
709618.258,4086158.143,411.523,348.828,3
709618.115,4086160.697,424.023,358.711,3
709618.031,4086163.243,409.219,360.156,3
709617.989,4086165.734,396.719,338.945,3
709617.888,4086168.169,390.859,329.805,3
709617.707,4086170.670,409.023,342.422,3
709617.515,4086173.248,429.844,378.984,3
709617.373,4086175.757,417.500,380.039,3
709617.315,4086178.250,392.188,348.125,3
709617.256,4086180.687,351.250,294.570,3
709617.141,4086183.000,296.484,250.469,3
709616.950,4086185.329,265.664,215.547,3
709616.786,4086187.647,253.945,203.555,3
709616.709,4086190.126,272.070,213.672,3
709616.704,4086192.799,321.328,265.977,3
709616.720,4086195.534,361.289,320.898,3
709616.701,4086198.288,397.031,349.180,3
709616.617,4086200.952,384.648,335.000,3
709616.486,4086203.630,336.055,272.656,3
709616.308,4086206.332,314.648,253.320,3
709616.106,4086209.066,305.586,243.359,3
709615.952,4086211.916,336.875,275.938,3
709615.870,4086214.733,373.789,330.430,3
709615.770,4086217.496,366.289,326.406,3
709615.592,4086220.108,331.992,291.172,3
709615.500,4086222.558,310.625,268.438,3
709615.574,4086225.061,291.094,236.641,3
709615.588,4086227.370,266.992,212.305,3
709615.426,4086229.592,252.656,202.656,3
709615.197,4086231.876,243.320,196.016,3
709615.049,4086234.150,247.344,196.719,3
709614.843,4086236.523,249.414,205.039,3
709614.514,4086238.892,238.398,193.086,3
709614.195,4086241.264,230.859,184.570,3
709614.057,4086243.597,226.719,180.508,3
709613.994,4086245.963,225.313,176.992,3
709613.920,4086248.379,230.820,183.984,3
709613.741,4086250.875,236.953,187.109,3
709613.474,4086253.395,231.016,184.102,3
709613.296,4086255.837,225.156,180.625,3
709613.032,4086258.205,216.758,176.055,3
709613.043,4086260.584,211.250,168.125,3
709613.306,4086262.904,212.461,168.711,3
709613.385,4086265.275,211.367,168.008,3
709613.226,4086267.737,211.758,170.898,3
709612.870,4086270.172,206.914,169.023,3
709612.726,4086272.678,204.805,168.242,3
709612.734,4086275.233,209.336,168.203,3
709612.677,4086277.789,212.500,171.133,3
709612.566,4086280.362,213.047,168.438,3
709612.457,4086282.880,217.461,174.531,3
709612.505,4086285.407,223.906,178.477,3
709612.618,4086287.857,223.750,177.617,3
709612.616,4086290.278,223.008,178.203,3
709612.528,4086292.806,238.281,186.484,3
709612.302,4086295.338,254.766,207.813,3
709612.159,4086297.895,262.773,217.422,3
709612.214,4086300.479,277.539,224.453,3
709612.237,4086303.065,281.445,219.648,3
709612.131,4086305.469,262.617,207.578,3
709611.930,4086307.813,252.500,208.906,3
709611.771,4086310.268,251.055,202.852,3
709611.665,4086312.719,240.156,188.789,3
709611.564,4086315.153,252.852,198.008,3
709611.435,4086317.576,281.133,226.211,3
709611.429,4086319.932,293.555,234.063,3
709611.468,4086322.369,294.570,232.539,3
709611.321,4086324.762,293.672,233.125,3
709611.216,4086327.122,276.094,214.648,3
709611.095,4086329.515,263.828,205.234,3
709610.817,4086331.947,272.695,213.203,3
709610.590,4086334.448,297.539,232.656,3
709610.468,4086336.904,306.289,238.984,3
709610.466,4086339.384,307.383,241.680,3
709610.543,4086341.735,301.406,239.219,3
709610.522,4086343.839,300.977,232.930,3
709610.356,4086345.919,289.219,228.203,3
709610.132,4086347.922,282.695,222.891,3
709609.926,4086349.786,286.602,226.875,3
709609.638,4086351.477,283.789,219.063,3
709609.280,4086352.986,277.969,220.273,3
709608.813,4086354.558,276.094,215.586,3
709582.632,4086346.607,249.141,202.930,4
709582.639,4086345.062,239.727,193.125,4
709582.588,4086343.509,241.641,189.063,4
709582.674,4086341.924,249.375,191.094,4
709582.834,4086340.362,263.086,201.523,4
709582.981,4086338.855,280.391,215.781,4
709583.046,4086337.511,284.375,220.625,4
709583.054,4086336.149,289.805,228.398,4
709583.139,4086334.501,292.266,227.773,4
709583.198,4086332.548,291.055,225.547,4
709583.171,4086330.410,282.813,216.953,4
709583.173,4086328.222,276.719,208.516,4
709583.274,4086325.952,277.148,208.789,4
709583.387,4086323.679,273.945,204.805,4
709583.494,4086321.409,284.883,208.750,4
709583.607,4086319.123,298.594,235.391,4
709583.761,4086316.852,293.164,234.180,4
709583.928,4086314.520,284.297,228.359,4
709584.054,4086312.176,288.438,230.820,4
709584.093,4086309.852,284.844,223.789,4
709584.018,4086307.475,269.023,208.828,4
709584.008,4086305.050,276.094,209.570,4
709584.258,4086302.577,291.797,225.078,4
709584.614,4086300.071,308.867,252.148,4
709584.807,4086297.533,310.977,255.117,4
709584.866,4086295.027,288.984,234.141,4
709584.948,4086292.581,271.367,215.078,4
709585.123,4086290.073,257.188,201.055,4
709585.270,4086287.570,253.359,196.172,4
709585.265,4086285.113,263.359,207.344,4
709585.230,4086282.732,260.703,204.492,4
709585.220,4086280.394,266.953,210.469,4
709585.135,4086277.980,268.281,208.516,4
709585.080,4086275.561,271.563,206.445,4
709585.064,4086273.119,287.617,225.469,4
709585.139,4086270.591,302.109,236.523,4
709585.307,4086268.019,302.852,237.461,4
709585.540,4086265.392,303.906,239.883,4
709585.811,4086262.901,302.930,237.070,4
709585.938,4086260.483,294.414,231.445,4
709585.961,4086258.037,274.961,218.242,4
709585.973,4086255.535,267.344,211.602,4
709585.943,4086252.917,270.625,217.617,4
709585.944,4086250.285,265.430,208.672,4
709586.097,4086247.671,267.695,213.555,4
709586.323,4086245.061,281.484,225.586,4
709586.494,4086242.463,282.773,244.766,4
709586.620,4086239.855,268.477,222.148,4
709586.745,4086237.357,262.773,202.852,4
709586.919,4086234.920,273.945,210.234,4
709587.163,4086232.441,298.789,225.664,4
709587.362,4086229.954,315.664,250.859,4
709587.435,4086227.505,320.859,261.016,4
709587.363,4086225.021,311.836,242.500,4
709587.365,4086222.542,302.422,249.570,4
709587.519,4086220.063,269.414,225.547,4
709587.686,4086217.634,248.789,199.141,4
709587.882,4086215.205,248.164,204.258,4
709588.007,4086212.770,257.930,206.484,4
709588.111,4086210.275,276.367,226.445,4
709588.261,4086207.764,290.742,245.117,4
709588.308,4086205.301,306.797,267.422,4
709588.302,4086202.880,295.039,266.914,4
709588.343,4086200.512,284.375,228.516,4
709588.483,4086198.100,278.438,226.797,4
709588.703,4086195.608,275.156,229.766,4
709588.840,4086193.093,283.438,225.273,4
709588.853,4086190.572,303.086,251.602,4
709588.834,4086188.105,329.805,267.617,4
709588.855,4086185.737,336.016,304.688,4
709588.957,4086183.396,329.805,306.875,4
709589.087,4086180.997,288.555,243.398,4
709589.074,4086178.563,274.688,218.086,4
709588.997,4086176.161,300.898,233.867,4
709589.059,4086173.781,348.320,275.273,4
709589.224,4086171.404,370.977,305.547,4
709589.387,4086169.056,367.227,300.625,4
709589.513,4086166.710,384.766,314.492,4
709589.629,4086164.388,391.016,322.500,4
709589.792,4086162.030,393.828,320.156,4
709590.041,4086159.589,406.211,329.609,4
709590.355,4086157.205,429.492,349.492,4
709590.582,4086154.869,451.016,384.883,4
709590.611,4086152.545,460.234,395.352,4
709590.550,4086150.177,448.945,379.883,4
709590.534,4086147.777,426.719,348.164,4
709590.614,4086145.414,419.883,340.430,4
709590.736,4086143.065,444.414,365.781,4
709590.857,4086140.725,460.352,391.719,4
709590.948,4086138.379,464.023,398.203,4
709591.005,4086136.052,459.883,392.305,4
709590.947,4086133.744,449.961,384.492,4
709590.812,4086131.395,438.945,371.133,4
709590.802,4086129.064,423.359,344.688,4
709590.942,4086126.768,439.492,355.156,4
709591.078,4086124.402,449.180,380.195,4
709591.172,4086121.991,443.359,371.094,4
709591.295,4086119.512,430.234,371.563,4
709591.447,4086116.971,428.867,372.930,4
709591.634,4086114.449,444.375,400.234,4
709591.897,4086112.004,442.344,406.875,4
709592.174,4086109.653,439.844,400.625,4
709592.295,4086107.262,442.188,375.117,4
709592.288,4086104.780,438.008,365.742,4
709592.392,4086102.306,450.977,379.727,4
709592.618,4086099.862,458.477,396.289,4
709592.789,4086097.424,426.328,384.141,4
709592.886,4086094.918,387.813,318.438,4
709592.974,4086092.366,387.305,326.484,4
709593.022,4086089.865,415.234,344.141,4
709593.045,4086087.440,441.328,375.742,4
709593.148,4086085.086,464.492,405.352,4
709593.294,4086082.733,465.977,405.547,4
709593.298,4086080.349,458.242,398.242,4
709593.240,4086077.992,468.359,419.297,4
709593.332,4086075.610,455.820,399.297,4
709593.531,4086073.191,453.516,397.422,4
709593.730,4086070.717,437.227,385.352,4
709593.877,4086068.197,407.617,344.648,4
709593.946,4086065.722,365.352,291.250,4
709593.955,4086063.249,359.727,281.914,4
709593.938,4086060.760,377.969,304.531,4
709593.977,4086058.275,412.695,342.578,4
709594.067,4086055.800,457.617,404.063,4
709594.165,4086053.383,483.359,438.086,4
709594.346,4086050.968,484.727,438.984,4
709594.564,4086048.561,483.086,430.430,4
709594.804,4086046.172,474.102,409.727,4
709595.123,4086043.735,455.234,393.945,4
709595.370,4086041.230,430.195,377.891,4
709595.513,4086038.652,409.727,383.672,4
709595.664,4086036.067,418.984,362.578,4
709595.802,4086033.456,421.445,364.453,4
709595.929,4086030.825,438.789,378.594,4
709596.052,4086028.240,448.281,378.711,4
709596.090,4086025.626,449.414,394.883,4
709596.035,4086022.984,436.367,378.633,4
709596.069,4086020.389,421.836,345.039,4
709596.292,4086017.866,427.773,368.672,4
709596.547,4086015.397,431.289,368.633,4
709596.754,4086012.907,432.578,368.945,4
709596.958,4086010.403,436.914,367.500,4
709597.183,4086007.882,439.688,379.297,4
709597.373,4086005.332,439.375,378.047,4
709597.467,4086002.807,447.734,388.438,4
709597.464,4086000.315,444.375,388.750,4
709597.424,4085997.873,438.281,389.375,4
709597.476,4085995.467,448.633,387.813,4
709597.547,4085993.019,445.234,378.242,4
709597.574,4085990.565,448.164,389.609,4
709597.685,4085988.109,450.898,395.938,4
709597.815,4085985.630,437.773,382.656,4
709597.856,4085983.094,439.531,377.578,4
709597.937,4085980.534,440.234,385.078,4
709598.150,4085978.012,447.617,383.516,4
709598.415,4085975.507,442.344,373.633,4
709598.644,4085973.046,434.648,361.289,4
709598.745,4085970.573,433.086,362.734,4
709598.702,4085968.055,422.852,343.867,4
709598.619,4085965.550,427.383,350.273,4
709598.700,4085963.065,428.789,360.859,4
709598.882,4085960.663,422.109,354.844,4
709598.961,4085958.309,412.031,353.086,4
709598.963,4085956.003,405.352,336.445,4
709598.959,4085953.800,406.484,332.813,4
709598.987,4085951.580,424.531,354.883,4
709599.152,4085949.334,428.242,360.313,4
709599.454,4085947.068,437.656,369.805,4
709599.852,4085944.765,437.852,378.633,4
709600.264,4085942.478,426.875,373.594,4
709600.500,4085940.229,429.219,362.031,4
709600.534,4085938.038,432.344,367.500,4
709600.505,4085935.868,427.383,361.133,4
709600.547,4085933.608,424.492,360.117,4
709600.636,4085931.291,416.016,353.203,4
709600.724,4085928.889,403.008,344.688,4
709600.810,4085926.447,412.305,340.000,4
709600.970,4085924.036,414.922,346.133,4
709601.194,4085921.627,422.461,359.531,4
709601.373,4085919.236,431.992,362.109,4
709601.623,4085916.903,441.094,370.078,4
709601.915,4085914.651,444.375,369.688,4
709602.035,4085912.321,439.297,369.688,4
709601.969,4085909.937,436.016,364.492,4
709601.884,4085907.626,432.227,367.422,4
709601.823,4085905.300,430.820,368.164,4
709601.767,4085902.981,433.477,375.781,4
709601.743,4085900.642,429.453,364.492,4
709601.752,4085898.296,428.438,354.102,4
709601.845,4085896.067,433.242,358.203,4
709602.074,4085893.909,426.992,360.117,4
709602.293,4085891.791,427.891,357.891,4
709602.479,4085889.634,428.438,354.023,4
709602.772,4085887.341,426.875,351.992,4
709603.064,4085885.006,426.445,352.695,4
709603.216,4085882.645,444.023,366.523,4
709603.266,4085880.215,453.555,381.367,4
709603.239,4085877.833,440.977,375.117,4
709603.126,4085875.409,431.406,373.516,4
709602.987,4085872.906,439.063,376.641,4
709602.956,4085870.373,432.344,372.148,4
709603.091,4085867.887,415.586,342.930,4
709603.297,4085865.432,405.273,330.078,4
709603.630,4085862.933,413.164,335.000,4
709603.940,4085860.504,420.391,348.398,4
709604.112,4085858.078,422.070,349.180,4
709604.214,4085855.641,426.523,357.031,4
709604.200,4085853.284,413.320,346.016,4
709603.982,4085850.991,404.297,336.523,4
709603.908,4085848.565,405.273,335.586,4
709603.971,4085846.142,415.547,349.844,4
709604.029,4085843.725,415.391,347.070,4
709604.122,4085841.283,423.008,358.164,4
709604.292,4085838.782,421.172,361.172,4
709604.402,4085836.302,423.555,359.531,4
709604.411,4085833.814,432.227,368.984,4
709604.471,4085831.336,425.391,362.891,4
709604.568,4085828.899,414.648,346.563,4
709604.725,4085826.415,415.820,339.531,4
709604.995,4085823.985,418.398,337.539,4
709605.199,4085821.536,418.789,342.734,4
709605.326,4085819.061,434.336,367.383,4
709605.434,4085816.598,433.945,366.250,4
709605.526,4085814.082,433.555,371.563,4
709605.555,4085811.679,435.039,377.500,4
709605.521,4085809.368,436.484,373.359,4
709605.497,4085807.106,435.547,371.250,4
709605.606,4085804.842,428.047,358.047,4
709605.843,4085802.550,422.070,347.188,4
709606.046,4085800.338,424.102,350.781,4
709606.145,4085798.098,420.898,350.313,4
709606.190,4085795.868,416.172,345.352,4
709606.244,4085793.800,416.367,346.641,4
709606.256,4085792.008,412.813,344.492,4
709606.137,4085790.570,416.211,341.797,4
709605.581,4085789.584,413.672,339.883,4
709581.362,4085793.144,426.250,378.242,5
709581.313,4085794.957,430.977,380.273,5
709581.269,4085796.892,439.453,386.797,5
709581.227,4085798.883,435.859,381.250,5
709581.170,4085800.950,434.805,376.953,5
709581.119,4085803.122,430.469,372.422,5
709581.071,4085805.272,435.625,371.367,5
709580.979,4085807.387,436.250,375.469,5
709580.823,4085809.566,435.508,376.992,5
709580.679,4085811.856,436.055,376.133,5
709580.592,4085814.149,446.172,390.000,5
709580.531,4085816.356,461.484,404.180,5
709580.512,4085818.517,465.078,405.156,5
709580.530,4085820.617,470.508,417.266,5
709580.529,4085822.658,479.297,426.953,5
709580.477,4085824.681,471.992,427.344,5
709580.376,4085826.718,466.211,422.969,5
709580.198,4085828.802,459.063,418.867,5
709579.939,4085830.891,452.930,410.820,5
709579.699,4085833.023,435.195,384.492,5
709579.560,4085835.193,438.828,397.383,5
709579.440,4085837.350,437.422,400.352,5
709579.195,4085839.540,439.648,396.797,5
709578.891,4085841.750,425.977,377.383,5
709578.691,4085843.962,437.305,371.875,5
709578.600,4085846.195,434.297,369.883,5
709578.544,4085848.334,429.648,370.078,5
709578.475,4085850.314,435.625,376.523,5
709578.389,4085852.192,438.320,381.289,5
709578.312,4085854.154,454.297,412.227,5
709578.279,4085856.249,446.133,402.109,5
709578.228,4085858.356,450.391,411.406,5
709578.099,4085860.453,453.359,412.266,5
709577.944,4085862.568,442.930,404.102,5
709577.794,4085864.754,448.242,410.430,5
709577.607,4085867.026,432.656,395.234,5
709577.476,4085869.301,439.063,407.305,5
709577.470,4085871.572,430.234,389.727,5
709577.493,4085873.816,425.352,389.766,5
709577.534,4085876.048,434.336,397.617,5
709577.604,4085878.329,437.734,400.898,5
709577.657,4085880.555,436.875,398.516,5
709577.605,4085882.709,438.359,409.727,5
709577.470,4085884.839,438.359,400.625,5
709577.308,4085886.988,436.523,405.078,5
709577.086,4085889.175,440.859,416.523,5
709576.891,4085891.360,446.914,422.461,5
709576.801,4085893.573,455.859,433.477,5
709576.759,4085895.789,465.039,435.313,5
709576.694,4085898.035,452.852,420.313,5
709576.652,4085900.320,452.148,423.984,5
709576.654,4085902.551,450.039,414.961,5
709576.612,4085904.743,447.266,410.977,5
709576.491,4085906.853,441.367,410.078,5
709576.403,4085908.959,443.203,401.680,5
709576.410,4085911.119,444.648,419.258,5
709576.393,4085913.246,445.547,420.195,5
709576.341,4085915.397,449.258,425.742,5
709576.338,4085917.601,447.852,425.547,5
709576.328,4085919.865,446.836,422.891,5
709576.241,4085922.219,453.203,420.313,5
709576.074,4085924.563,458.086,422.969,5
709575.895,4085926.885,468.398,439.297,5
709575.784,4085929.187,473.359,444.609,5
709575.680,4085931.459,468.984,439.414,5
709575.390,4085933.686,463.867,434.453,5
709575.024,4085935.911,445.391,419.102,5
709574.787,4085938.240,437.422,407.930,5
709574.708,4085940.644,440.664,417.852,5
709574.696,4085943.096,442.148,419.961,5
709574.650,4085945.621,458.516,432.148,5
709574.415,4085948.265,446.563,423.906,5
709574.148,4085950.885,443.594,407.891,5
709573.815,4085953.460,429.219,389.766,5
709573.571,4085955.988,449.375,420.859,5
709573.350,4085958.531,443.164,410.586,5
709573.177,4085960.967,450.469,424.805,5
709573.352,4085963.181,452.500,421.953,5
709573.537,4085965.337,450.586,423.516,5
709573.600,4085967.484,445.000,415.195,5
709573.474,4085969.632,444.531,414.219,5
709573.362,4085971.766,444.336,418.359,5
709573.329,4085973.896,440.781,416.602,5
709573.313,4085976.045,446.992,420.000,5
709573.331,4085978.274,445.117,412.383,5
709573.411,4085980.571,450.000,427.617,5
709573.460,4085982.886,463.633,438.945,5
709573.368,4085985.238,466.875,436.914,5
709573.213,4085987.535,466.641,439.688,5
709573.043,4085989.789,459.531,425.664,5
709572.837,4085992.064,451.172,424.570,5
709572.639,4085994.344,457.773,426.680,5
709572.448,4085996.683,446.211,419.648,5
709572.336,4085999.131,454.219,425.820,5
709572.352,4086001.606,456.484,432.266,5
709572.381,4086004.049,449.219,425.078,5
709572.363,4086006.349,429.336,399.297,5
709572.306,4086008.639,424.727,386.523,5
709572.284,4086010.908,414.609,383.242,5
709572.331,4086013.168,408.242,374.219,5
709572.316,4086015.427,411.211,387.852,5
709572.186,4086017.656,423.945,408.594,5
709572.054,4086019.920,436.289,424.258,5
709571.891,4086022.139,447.734,422.188,5
709571.705,4086024.324,450.469,425.156,5
709571.564,4086026.515,446.094,425.078,5
709571.518,4086028.692,438.281,416.016,5
709571.533,4086030.821,425.273,398.398,5
709571.587,4086032.958,421.055,395.313,5
709571.615,4086035.159,424.609,398.125,5
709571.499,4086037.400,430.938,399.531,5
709571.392,4086039.640,443.984,414.141,5
709571.406,4086041.900,457.734,427.227,5
709571.613,4086044.132,462.773,430.234,5
709571.748,4086046.363,478.594,442.734,5
709571.717,4086048.637,452.930,421.172,5
709571.740,4086050.861,425.625,389.492,5
709571.673,4086053.080,421.484,382.813,5
709571.467,4086055.309,434.219,401.289,5
709571.318,4086057.469,439.883,405.859,5
709571.211,4086059.622,440.625,401.250,5
709571.028,4086061.847,448.438,415.742,5
709570.904,4086064.118,454.609,422.188,5
709570.843,4086066.331,460.742,422.148,5
709570.814,4086068.515,463.008,426.094,5
709570.787,4086070.784,449.023,408.984,5
709570.666,4086073.016,444.766,399.688,5
709570.467,4086075.258,431.406,393.945,5
709570.232,4086077.536,424.727,388.750,5
709569.981,4086079.817,448.047,409.766,5
709569.795,4086082.151,444.688,406.289,5
709569.727,4086084.526,426.055,387.188,5
709569.655,4086086.908,416.445,379.297,5
709569.603,4086089.294,406.523,367.461,5
709569.620,4086091.664,403.594,362.773,5
709569.600,4086094.072,419.258,385.156,5
709569.621,4086096.489,429.922,396.914,5
709569.651,4086098.866,443.477,412.695,5
709569.479,4086101.192,421.914,393.594,5
709569.307,4086103.423,401.406,351.133,5
709569.360,4086105.744,394.336,333.984,5
709569.427,4086108.106,392.891,337.656,5
709569.449,4086110.370,398.398,348.164,5
709569.322,4086112.554,409.766,361.914,5
709568.969,4086114.689,420.781,373.750,5
709568.646,4086116.942,428.516,386.055,5
709568.541,4086119.268,450.664,414.063,5
709568.523,4086121.629,464.297,427.344,5
709568.527,4086123.978,456.289,416.328,5
709568.459,4086126.324,449.023,400.859,5
709568.317,4086128.719,458.438,415.117,5
709568.337,4086131.088,450.547,412.109,5
709568.399,4086133.432,450.078,411.602,5
709568.266,4086135.754,443.125,409.570,5
709567.964,4086138.035,439.922,402.656,5
709567.714,4086140.427,451.133,417.500,5
709567.521,4086142.838,447.930,410.938,5
709567.334,4086145.148,445.508,409.375,5
709567.152,4086147.455,445.117,413.242,5
709567.141,4086149.782,437.266,403.945,5
709567.167,4086152.141,429.063,390.313,5
709567.048,4086154.517,442.891,400.781,5
709566.787,4086156.890,447.227,409.180,5
709566.447,4086159.352,448.281,413.711,5
709566.167,4086161.827,446.758,402.461,5
709566.036,4086164.283,443.320,411.328,5
709566.032,4086166.725,443.906,418.867,5
709566.040,4086169.194,448.438,432.617,5
709566.054,4086171.677,450.391,438.086,5
709565.990,4086174.183,445.625,436.836,5
709565.915,4086176.824,439.531,430.117,5
709565.806,4086179.463,424.023,425.313,5
709565.617,4086182.054,382.578,383.828,5
709565.354,4086184.612,361.133,359.375,5
709565.000,4086187.114,355.977,335.195,5
709564.861,4086189.640,369.219,343.906,5
709564.834,4086192.062,354.336,328.516,5
709564.769,4086194.461,338.125,311.367,5
709564.753,4086196.862,338.711,341.680,5
709564.733,4086199.281,322.227,329.844,5
709564.677,4086201.707,312.891,314.336,5
709564.671,4086204.149,318.164,300.430,5
709564.689,4086206.675,353.438,331.445,5
709564.742,4086209.110,380.352,380.117,5
709564.644,4086211.531,391.797,375.820,5
709564.298,4086214.047,409.883,385.586,5
709564.104,4086216.534,406.875,379.414,5
709564.173,4086218.983,399.688,371.328,5
709564.166,4086221.488,389.648,365.430,5
709564.044,4086223.944,371.055,347.031,5
709563.933,4086226.376,370.156,342.773,5
709563.842,4086228.862,374.375,347.383,5
709563.771,4086231.356,382.383,352.422,5
709563.654,4086233.800,389.375,363.555,5
709563.537,4086236.160,358.477,333.867,5
709563.458,4086238.420,346.953,326.602,5
709563.397,4086240.671,341.211,311.094,5
709563.333,4086243.027,345.039,314.570,5
709563.261,4086245.378,340.625,312.461,5
709563.272,4086247.703,346.406,326.094,5
709563.224,4086250.072,349.844,330.469,5
709562.926,4086252.462,356.719,326.797,5
709562.565,4086254.914,355.938,330.234,5
709562.328,4086257.368,356.250,329.297,5
709562.190,4086259.737,348.320,325.078,5
709562.071,4086262.028,348.477,320.586,5
709561.920,4086264.258,340.859,307.930,5
709561.683,4086266.558,351.758,311.875,5
709561.422,4086268.911,358.203,312.305,5
709561.302,4086271.246,366.875,325.391,5
709561.407,4086273.659,372.266,334.766,5
709561.580,4086276.067,363.711,316.680,5
709561.522,4086278.487,357.656,308.125,5
709561.408,4086280.964,362.813,310.352,5
709561.441,4086283.421,354.648,322.773,5
709561.404,4086285.898,336.602,306.719,5
709561.272,4086288.380,324.336,290.625,5
709561.120,4086290.784,320.977,278.086,5
709560.921,4086293.164,319.180,274.883,5
709560.885,4086295.524,321.758,278.086,5
709561.011,4086297.814,312.344,263.477,5
709561.053,4086300.085,295.977,251.367,5
709561.036,4086302.328,290.039,240.117,5
709561.066,4086304.556,294.688,243.828,5
709561.113,4086306.781,302.813,258.242,5
709561.105,4086309.074,313.008,261.523,5
709561.023,4086311.335,310.430,269.961,5
709560.894,4086313.512,308.828,266.328,5
709560.792,4086315.688,311.797,261.484,5
709560.777,4086317.833,310.430,263.125,5
709560.719,4086319.971,303.125,257.539,5
709560.567,4086322.126,301.328,250.117,5
709560.447,4086324.328,296.797,245.469,5
709560.331,4086326.564,303.320,253.633,5
709560.124,4086328.775,316.328,270.352,5
709559.843,4086330.932,322.930,283.008,5
709559.517,4086333.041,330.000,284.688,5
709559.167,4086335.113,314.102,270.039,5
709558.862,4086337.158,305.938,246.758,5
709558.652,4086339.113,312.422,255.898,5
709558.494,4086341.079,322.031,278.828,5
709558.338,4086343.093,343.789,297.578,5
709558.125,4086345.021,346.797,300.469,5
709557.716,4086346.792,333.047,284.180,5
709557.218,4086348.233,318.789,267.070,5
709556.773,4086349.456,315.898,273.516,5
709556.410,4086350.773,318.984,279.297,5
709529.922,4086345.125,343.203,293.516,6
709529.969,4086343.618,353.984,299.961,6
709530.046,4086341.977,364.180,315.000,6
709530.200,4086340.189,367.188,319.844,6
709530.414,4086338.402,358.711,315.000,6
709530.639,4086336.760,354.609,312.813,6
709530.860,4086335.132,349.766,307.969,6
709531.073,4086333.403,336.094,290.039,6
709531.247,4086331.605,330.547,279.883,6
709531.323,4086329.718,318.672,277.383,6
709531.327,4086327.795,319.258,273.398,6
709531.334,4086325.869,325.508,276.797,6
709531.402,4086323.979,339.922,287.305,6
709531.504,4086322.159,348.359,301.133,6
709531.534,4086320.463,356.172,310.508,6
709531.525,4086319.012,351.914,309.805,6
709531.560,4086317.676,350.938,303.125,6
709531.590,4086316.214,349.453,299.023,6
709531.549,4086314.559,348.789,299.805,6
709531.474,4086312.711,349.375,297.305,6
709531.442,4086310.744,341.016,307.734,6
709531.502,4086308.699,331.914,305.586,6
709531.641,4086306.649,326.250,299.023,6
709531.862,4086304.614,317.773,295.117,6
709532.060,4086302.541,315.938,293.555,6
709532.141,4086300.465,318.789,290.391,6
709532.201,4086298.401,332.383,302.852,6
709532.283,4086296.325,325.625,298.594,6
709532.304,4086294.236,322.109,286.602,6
709532.257,4086292.139,334.336,294.336,6
709532.273,4086290.062,335.742,303.672,6
709532.394,4086287.963,341.680,297.305,6
709532.575,4086285.830,345.039,295.391,6
709532.804,4086283.681,350.313,297.891,6
709533.033,4086281.519,348.359,299.102,6
709533.163,4086279.396,346.133,286.602,6
709533.203,4086277.331,339.844,292.891,6
709533.320,4086275.250,330.156,287.031,6
709533.501,4086273.136,334.648,296.758,6
709533.590,4086271.034,345.273,324.727,6
709533.621,4086268.949,353.750,335.664,6
709533.721,4086266.862,357.734,335.039,6
709533.845,4086264.775,354.531,332.109,6
709533.888,4086262.614,349.258,327.734,6
709533.938,4086260.393,348.398,318.281,6
709534.015,4086258.260,339.492,316.523,6
709534.060,4086256.172,340.156,322.266,6
709534.063,4086254.084,341.445,321.875,6
709534.075,4086251.998,323.164,331.914,6
709534.078,4086249.955,333.008,320.000,6
709534.052,4086248.000,336.289,321.055,6
709534.138,4086246.010,342.109,323.672,6
709534.321,4086243.960,333.594,316.563,6
709534.415,4086241.876,334.336,307.773,6
709534.421,4086239.726,339.883,309.063,6
709534.511,4086237.580,335.000,300.625,6
709534.724,4086235.417,330.820,300.898,6
709534.979,4086233.249,342.969,312.813,6
709535.168,4086231.123,344.531,313.828,6
709535.338,4086228.966,349.336,312.031,6
709535.520,4086226.774,353.555,332.422,6
709535.643,4086224.589,360.234,338.320,6
709535.711,4086222.394,358.555,343.633,6
709535.708,4086220.164,352.930,325.547,6
709535.697,4086217.891,340.039,314.766,6
709535.720,4086215.610,332.734,297.695,6
709535.778,4086213.329,335.117,293.672,6
709535.874,4086211.009,337.148,290.742,6
709535.990,4086208.647,341.680,299.531,6
709536.186,4086206.313,349.063,314.492,6
709536.428,4086204.037,349.297,318.242,6
709536.621,4086201.703,352.617,316.484,6
709536.688,4086199.290,360.703,328.594,6
709536.687,4086196.861,369.102,335.156,6
709536.653,4086194.386,368.398,324.922,6
709536.618,4086191.954,378.477,332.422,6
709536.575,4086189.593,393.008,340.938,6
709536.516,4086187.357,410.234,357.891,6
709536.558,4086185.187,419.570,369.922,6
709536.692,4086182.933,422.891,376.641,6
709536.856,4086180.697,408.438,363.125,6
709537.116,4086178.487,390.703,346.953,6
709537.452,4086176.260,369.531,324.492,6
709537.736,4086173.995,358.828,317.695,6
709537.995,4086171.674,344.258,295.820,6
709538.257,4086169.317,320.898,274.883,6
709538.399,4086166.957,303.555,260.469,6
709538.402,4086164.653,289.727,240.234,6
709538.468,4086162.363,298.594,248.945,6
709538.612,4086159.981,305.586,274.102,6
709538.698,4086157.571,303.477,268.438,6
709538.714,4086155.105,305.898,266.523,6
709538.703,4086152.598,313.633,275.078,6
709538.761,4086150.116,312.422,265.039,6
709538.977,4086147.620,321.016,269.922,6
709539.235,4086145.216,332.773,303.359,6
709539.402,4086142.891,345.078,298.008,6
709539.607,4086140.563,359.336,313.203,6
709539.769,4086138.206,378.164,338.086,6
709539.800,4086135.819,373.047,330.664,6
709539.815,4086133.520,356.055,317.656,6
709539.812,4086131.233,351.836,313.320,6
709539.809,4086128.939,343.633,307.578,6
709539.837,4086126.714,329.063,291.055,6
709539.873,4086124.471,326.797,279.609,6
709539.888,4086122.249,331.953,286.133,6
709539.868,4086120.018,338.984,304.805,6
709539.835,4086117.748,352.148,316.133,6
709539.908,4086115.433,345.742,299.258,6
709540.171,4086113.116,347.266,299.297,6
709540.560,4086110.981,366.367,327.656,6
709540.960,4086108.889,384.727,354.414,6
709541.280,4086106.766,360.703,327.500,6
709541.458,4086104.603,325.703,286.172,6
709541.530,4086102.332,277.852,237.031,6
709541.656,4086100.066,276.016,233.125,6
709541.819,4086097.809,313.203,260.938,6
709541.850,4086095.518,369.453,336.758,6
709541.809,4086093.296,403.984,382.500,6
709541.823,4086090.963,386.602,349.570,6
709541.894,4086088.618,384.844,353.398,6
709541.962,4086086.277,383.164,353.203,6
709541.980,4086084.014,380.000,361.367,6
709542.075,4086081.878,354.727,329.063,6
709542.256,4086079.746,337.773,297.109,6
709542.410,4086077.643,338.008,292.031,6
709542.581,4086075.541,364.492,319.375,6
709542.721,4086073.400,403.867,370.117,6
709542.807,4086071.300,417.930,382.852,6
709542.879,4086069.225,415.117,379.961,6
709542.928,4086067.177,416.602,384.805,6
709542.959,4086065.072,428.945,389.922,6
709543.026,4086062.951,436.758,399.336,6
709543.087,4086060.832,435.664,404.375,6
709543.132,4086058.656,431.875,398.633,6
709543.200,4086056.540,429.531,389.141,6
709543.272,4086054.437,424.141,385.938,6
709543.351,4086052.298,427.734,390.938,6
709543.394,4086050.102,438.203,400.898,6
709543.395,4086047.842,457.695,423.867,6
709543.409,4086045.640,460.234,427.383,6
709543.513,4086043.503,443.828,404.648,6
709543.671,4086041.390,429.297,386.875,6
709543.828,4086039.254,424.180,380.508,6
709543.998,4086036.963,426.211,382.305,6
709544.127,4086034.660,445.898,406.914,6
709544.274,4086032.402,469.609,433.516,6
709544.478,4086030.147,454.102,413.438,6
709544.641,4086027.904,435.273,390.742,6
709544.737,4086025.756,447.656,410.078,6
709544.787,4086023.497,462.578,423.594,6
709544.914,4086021.243,461.172,424.141,6
709545.052,4086018.991,465.781,432.383,6
709545.162,4086016.790,475.391,442.109,6
709545.213,4086014.600,455.820,427.695,6
709545.127,4086012.475,444.609,401.992,6
709545.043,4086010.322,462.148,427.109,6
709544.961,4086008.146,452.109,433.984,6
709544.997,4086006.008,452.031,427.734,6
709545.169,4086003.824,450.391,427.500,6
709545.316,4086001.636,444.844,421.602,6
709545.508,4085999.486,425.820,409.805,6
709545.820,4085997.309,417.734,381.563,6
709546.057,4085995.099,417.891,388.555,6
709546.220,4085992.919,433.242,398.359,6
709546.378,4085990.727,441.484,414.336,6
709546.394,4085988.530,442.617,415.000,6
709546.443,4085986.361,437.148,401.133,6
709546.644,4085984.161,425.234,393.555,6
709546.866,4085981.916,425.117,383.984,6
709547.038,4085979.781,425.742,387.500,6
709547.176,4085977.609,425.898,390.508,6
709547.248,4085975.411,432.422,401.250,6
709547.280,4085973.225,434.688,408.359,6
709547.259,4085970.924,419.414,402.305,6
709547.171,4085968.586,436.602,409.844,6
709547.223,4085966.331,433.320,405.977,6
709547.407,4085964.120,454.844,419.414,6
709547.574,4085961.918,440.742,409.297,6
709547.701,4085959.738,434.492,402.148,6
709547.834,4085957.610,441.719,418.789,6
709547.929,4085955.420,444.492,414.180,6
709547.938,4085953.145,438.828,403.984,6
709547.987,4085950.961,437.344,414.727,6
709548.056,4085948.832,445.117,416.250,6
709548.069,4085946.719,442.344,414.180,6
709548.114,4085944.639,452.656,431.289,6
709548.204,4085942.592,443.633,426.797,6
709548.307,4085940.604,444.297,419.844,6
709548.469,4085938.607,450.313,423.047,6
709548.694,4085936.670,440.586,417.031,6
709548.831,4085934.726,434.375,410.313,6
709548.822,4085932.707,455.078,406.602,6
709548.834,4085930.685,458.086,442.500,6
709548.915,4085928.602,470.781,454.805,6
709548.983,4085926.537,487.383,470.195,6
709548.956,4085924.452,485.352,466.055,6
709548.947,4085922.362,490.156,470.156,6
709549.020,4085920.210,490.547,469.570,6
709549.133,4085917.923,489.023,474.453,6
709549.292,4085915.614,485.938,468.203,6
709549.472,4085913.284,464.297,440.664,6
709549.631,4085910.981,464.531,440.547,6
709549.798,4085908.763,478.359,455.547,6
709549.945,4085906.529,479.570,459.180,6
709549.988,4085904.369,481.641,455.625,6
709550.006,4085902.255,485.469,461.953,6
709550.047,4085900.149,474.844,456.914,6
709550.132,4085898.046,483.398,457.305,6
709550.281,4085895.839,494.688,477.383,6
709550.369,4085893.607,503.320,491.914,6
709550.318,4085891.350,507.461,496.875,6
709550.263,4085889.172,479.805,463.047,6
709550.385,4085887.056,476.680,461.836,6
709550.644,4085884.964,465.859,454.531,6
709550.800,4085882.958,469.219,440.117,6
709550.839,4085880.933,465.469,439.219,6
709550.852,4085878.853,461.406,437.305,6
709550.973,4085876.748,463.242,442.461,6
709551.259,4085874.562,457.734,432.656,6
709551.553,4085872.322,455.195,431.758,6
709551.729,4085870.071,460.703,440.859,6
709551.690,4085867.835,446.719,422.305,6
709551.607,4085865.550,437.734,412.266,6
709551.663,4085863.193,452.188,425.039,6
709551.836,4085860.840,433.398,405.234,6
709552.063,4085858.496,428.359,387.969,6
709552.299,4085856.133,438.281,399.375,6
709552.525,4085853.775,446.133,416.953,6
709552.681,4085851.341,452.461,427.422,6
709552.760,4085848.867,446.797,421.445,6
709552.792,4085846.375,460.625,438.672,6
709552.820,4085843.837,461.719,446.836,6
709552.808,4085841.351,451.914,428.438,6
709552.864,4085838.905,443.984,419.336,6
709554.181,4085807.454,460.000,440.391,6
709554.192,4085805.027,475.703,448.008,6
709554.341,4085802.747,475.586,453.359,6
709554.456,4085800.643,483.086,456.055,6
709554.637,4085798.585,468.008,440.313,6
709554.942,4085796.503,465.234,436.953,6
709555.308,4085794.380,463.867,428.477,6
709555.509,4085792.319,466.055,426.016,6
709555.503,4085790.415,453.398,421.641,6
709555.453,4085788.824,461.445,427.969,6
709555.376,4085787.596,454.805,427.656,6
709555.090,4085786.462,466.367,435.898,6
709531.648,4085784.870,417.344,366.445,7
709530.907,4085786.104,402.695,356.641,7
709530.410,4085787.299,387.891,332.852,7
709530.189,4085788.414,385.117,318.789,7
709530.148,4085788.922,389.258,322.930,7
709530.180,4085788.939,390.586,324.414,7
709530.225,4085788.914,389.922,324.258,7
709530.503,4085789.204,392.656,328.477,7
709530.527,4085790.024,402.109,329.570,7
709530.582,4085791.250,398.984,333.047,7
709530.602,4085792.667,381.328,316.602,7
709530.517,4085794.270,427.891,373.008,7
709530.403,4085796.060,451.406,403.203,7
709530.334,4085798.021,443.516,405.508,7
709530.261,4085800.088,446.641,396.211,7
709530.151,4085802.207,444.727,397.852,7
709530.042,4085804.330,445.195,399.023,7
709530.028,4085806.448,438.359,391.445,7
709530.073,4085808.568,431.211,392.148,7
709530.055,4085810.644,446.406,407.383,7
709529.999,4085812.683,453.789,411.367,7
709529.937,4085814.694,444.336,405.703,7
709529.863,4085816.702,448.125,406.133,7
709529.736,4085818.712,455.781,411.992,7
709529.550,4085820.735,454.336,417.344,7
709529.344,4085822.811,452.891,409.102,7
709529.142,4085824.989,448.594,408.359,7
709528.939,4085827.290,445.430,393.438,7
709528.695,4085829.685,433.594,391.016,7
709528.520,4085832.081,442.852,404.219,7
709528.447,4085834.463,459.180,419.297,7
709528.353,4085836.803,453.008,419.258,7
709528.285,4085839.098,458.047,413.438,7
709528.268,4085841.407,452.188,407.773,7
709528.212,4085843.704,459.219,409.102,7
709528.081,4085845.984,459.063,421.211,7
709527.968,4085848.217,463.984,405.781,7
709527.901,4085850.450,478.789,420.117,7
709527.804,4085852.745,454.492,424.063,7
709527.605,4085855.044,453.164,424.531,7
709527.415,4085857.391,450.078,409.453,7
709527.387,4085859.700,443.086,395.859,7
709527.477,4085861.935,445.313,376.250,7
709527.625,4085864.240,408.984,345.156,7
709527.718,4085866.610,412.930,323.164,7
709527.754,4085869.029,420.898,327.383,7
709527.711,4085871.494,434.648,346.641,7
709527.515,4085873.990,441.445,361.445,7
709527.234,4085876.438,456.992,381.445,7
709526.992,4085878.741,446.523,400.586,7
709526.833,4085880.972,443.008,409.922,7
709526.747,4085883.181,427.148,387.500,7
709526.666,4085885.447,418.438,370.664,7
709526.538,4085887.795,402.070,354.102,7
709526.486,4085890.084,397.852,346.328,7
709526.501,4085892.370,410.742,357.539,7
709526.463,4085894.527,402.695,348.555,7
709526.392,4085896.521,418.242,369.883,7
709526.311,4085898.529,421.250,365.078,7
709526.278,4085900.476,419.141,376.250,7
709526.254,4085902.457,432.891,403.477,7
709526.198,4085904.497,423.008,405.742,7
709526.119,4085906.511,413.867,409.570,7
709525.956,4085908.586,416.563,402.422,7
709525.801,4085910.721,414.023,410.703,7
709525.723,4085912.884,415.195,406.094,7
709525.613,4085914.994,409.570,396.367,7
709525.482,4085917.067,426.367,390.195,7
709525.368,4085919.192,439.609,412.852,7
709525.218,4085921.290,438.398,424.023,7
709525.063,4085923.388,450.508,420.625,7
709525.012,4085925.460,435.977,413.516,7
709525.009,4085927.474,416.367,395.000,7
709525.010,4085929.516,428.086,410.781,7
709524.987,4085931.518,433.047,415.703,7
709524.815,4085933.458,415.977,409.141,7
709524.586,4085935.418,414.961,394.961,7
709524.429,4085937.374,422.383,395.313,7
709524.314,4085939.343,417.695,382.500,7
709524.146,4085941.387,398.828,376.523,7
709523.971,4085943.548,384.102,370.195,7
709523.915,4085945.778,388.633,358.164,7
709524.004,4085948.018,391.133,357.891,7
709524.081,4085950.339,414.961,384.609,7
709523.999,4085952.708,424.375,392.031,7
709523.813,4085955.072,422.773,394.609,7
709523.549,4085957.360,424.492,404.297,7
709523.354,4085959.605,441.406,419.492,7
709523.305,4085961.887,448.711,421.992,7
709523.242,4085964.118,451.797,417.188,7
709523.133,4085966.291,450.234,423.086,7
709522.953,4085968.536,435.391,415.781,7
709522.731,4085970.781,436.172,405.195,7
709522.711,4085973.080,425.547,386.914,7
709522.691,4085975.378,417.070,370.742,7
709522.672,4085977.677,434.648,397.109,7
709522.664,4085979.937,459.727,429.102,7
709522.705,4085982.054,464.805,435.078,7
709522.694,4085984.226,458.047,440.820,7
709522.644,4085986.476,450.703,441.172,7
709522.609,4085988.687,443.398,430.000,7
709522.533,4085990.905,433.203,408.125,7
709522.402,4085993.101,431.289,412.578,7
709522.284,4085995.424,454.453,448.203,7
709522.190,4085997.715,427.578,423.672,7
709522.063,4086000.017,420.977,415.938,7
709521.826,4086002.342,428.125,428.086,7
709521.606,4086004.690,453.438,444.961,7
709521.616,4086007.108,456.602,455.039,7
709521.658,4086009.473,478.984,473.477,7
709521.564,4086011.776,467.578,463.359,7
709521.434,4086014.076,463.203,460.313,7
709521.259,4086016.351,459.297,460.039,7
709521.092,4086018.655,470.117,467.773,7
709521.008,4086020.980,464.258,459.336,7
709521.018,4086023.368,468.438,449.375,7
709521.029,4086025.690,472.305,446.836,7
709521.005,4086027.901,482.422,453.320,7
709521.034,4086030.159,471.875,448.320,7
709520.986,4086032.364,459.727,437.031,7
709520.725,4086034.542,420.898,401.953,7
709520.383,4086036.789,402.969,378.555,7
709520.021,4086039.077,426.055,408.398,7
709519.874,4086041.474,454.336,428.242,7
709520.068,4086043.778,444.492,424.492,7
709520.250,4086046.024,445.898,426.328,7
709520.310,4086048.184,452.773,428.711,7
709520.213,4086050.108,445.977,439.219,7
709520.030,4086052.013,449.414,437.500,7
709520.004,4086054.073,480.664,450.391,7
709519.986,4086056.180,481.641,434.492,7
709519.868,4086058.191,482.734,451.680,7
709519.770,4086060.151,481.445,466.328,7
709519.657,4086062.208,453.047,443.633,7
709519.490,4086064.255,420.000,393.242,7
709519.307,4086066.299,390.742,353.242,7
709519.217,4086068.323,383.906,343.906,7
709519.192,4086070.390,389.609,350.781,7
709519.157,4086072.511,383.398,358.984,7
709519.075,4086074.656,384.961,350.156,7
709518.900,4086076.763,380.625,352.305,7
709518.534,4086078.899,383.320,343.164,7
709518.146,4086080.980,401.758,381.836,7
709517.929,4086083.137,417.773,407.891,7
709517.697,4086085.309,399.336,414.609,7
709517.477,4086087.474,379.023,393.555,7
709517.282,4086089.578,362.734,359.688,7
709517.214,4086091.644,374.844,349.492,7
709517.310,4086093.830,390.508,366.445,7
709517.339,4086096.028,401.211,361.172,7
709517.379,4086098.278,402.773,362.422,7
709517.514,4086100.542,424.570,393.125,7
709517.524,4086102.858,417.461,393.516,7
709517.324,4086105.196,419.023,388.281,7
709517.015,4086107.492,438.750,410.117,7
709516.772,4086109.670,440.781,417.852,7
709516.733,4086111.746,413.398,397.578,7
709516.738,4086113.876,372.188,363.008,7
709516.570,4086116.034,349.609,322.813,7
709516.287,4086118.144,324.648,302.656,7
709516.146,4086120.261,310.117,268.711,7
709516.060,4086122.461,294.258,252.539,7
709515.969,4086124.697,275.313,245.313,7
709515.798,4086126.983,296.602,266.875,7
709515.587,4086129.249,303.711,278.438,7
709515.524,4086131.571,323.789,286.250,7
709515.548,4086133.819,319.336,286.055,7
709515.565,4086135.999,321.055,284.727,7
709515.648,4086138.287,310.156,276.055,7
709515.751,4086140.612,285.313,249.766,7
709515.779,4086143.047,251.758,219.141,7
709515.771,4086145.523,252.344,207.773,7
709515.796,4086147.983,260.586,210.234,7
709515.793,4086150.310,275.352,220.781,7
709515.729,4086152.467,278.359,224.141,7
709515.628,4086154.689,282.734,218.320,7
709515.417,4086157.067,313.711,248.867,7
709515.187,4086159.383,342.305,281.250,7
709515.028,4086161.735,367.578,322.148,7
709514.928,4086163.998,396.914,367.500,7
709514.853,4086166.293,385.430,364.531,7
709514.749,4086168.625,379.492,350.664,7
709514.676,4086170.820,375.234,377.109,7
709514.639,4086172.961,352.695,353.555,7
709514.466,4086175.107,358.516,356.563,7
709514.198,4086177.284,386.094,386.602,7
709513.977,4086179.457,408.281,437.070,7
709513.772,4086181.718,414.570,456.055,7
709513.635,4086183.988,430.977,465.898,7
709513.600,4086185.941,447.305,485.859,7
709513.557,4086187.751,456.680,496.133,7
709513.514,4086189.741,470.508,518.164,7
709513.495,4086191.845,463.867,526.211,7
709513.417,4086194.051,444.141,510.234,7
709513.222,4086196.259,417.539,514.805,7
709513.006,4086198.480,408.359,509.141,7
709512.897,4086200.739,402.148,482.188,7
709512.840,4086203.041,404.063,514.609,7
709512.695,4086205.445,404.258,520.469,7
709512.497,4086207.755,411.523,520.352,7
709512.404,4086210.028,420.547,527.266,7
709512.391,4086212.287,436.836,523.125,7
709512.363,4086214.494,449.648,528.359,7
709512.358,4086216.747,427.148,471.523,7
709512.383,4086218.980,407.656,465.859,7
709512.397,4086221.241,384.570,446.641,7
709512.369,4086223.399,373.711,421.289,7
709512.305,4086225.541,373.750,435.977,7
709512.228,4086227.722,371.914,457.461,7
709512.104,4086229.850,380.625,445.391,7
709511.923,4086231.981,378.594,446.875,7
709511.698,4086234.062,374.883,441.484,7
709511.396,4086236.107,355.898,438.203,7
709511.126,4086238.322,358.320,451.914,7
709510.931,4086240.669,360.938,457.813,7
709510.733,4086243.183,355.430,433.516,7
709510.564,4086245.814,341.367,399.453,7
709510.573,4086248.530,342.383,394.570,7
709510.601,4086251.348,342.734,395.508,7
709510.508,4086254.063,351.016,404.805,7
709510.411,4086256.692,362.930,409.102,7
709510.356,4086259.269,369.570,397.461,7
709510.182,4086261.765,391.016,425.273,7
709509.972,4086264.260,421.836,461.641,7
709509.920,4086266.673,440.430,488.945,7
709509.814,4086268.992,442.656,486.133,7
709509.680,4086271.306,454.063,497.891,7
709509.736,4086273.635,463.789,515.469,7
709509.882,4086276.053,441.172,488.867,7
709509.815,4086278.491,445.938,485.000,7
709509.611,4086280.982,415.391,456.563,7
709509.518,4086283.480,392.656,402.227,7
709509.401,4086285.931,390.781,381.133,7
709509.133,4086288.484,405.781,390.195,7
709508.923,4086291.130,392.344,362.422,7
709508.895,4086293.849,374.297,334.023,7
709508.963,4086296.606,366.719,334.180,7
709509.052,4086299.178,357.461,329.805,7
709509.096,4086301.692,340.625,306.563,7
709508.943,4086304.189,336.172,305.586,7
709508.621,4086306.646,331.563,313.320,7
709508.320,4086309.058,340.547,309.609,7
709508.086,4086311.415,354.414,334.531,7
709507.922,4086313.804,361.367,335.391,7
709507.838,4086316.152,353.398,325.430,7
709507.795,4086318.478,339.961,313.672,7
709507.768,4086320.818,335.234,300.508,7
709507.662,4086323.138,340.352,305.273,7
709507.423,4086325.442,352.188,322.148,7
709507.158,4086327.772,363.750,322.813,7
709506.967,4086330.195,359.570,316.836,7
709506.852,4086332.648,354.023,311.758,7
709506.781,4086335.093,358.555,321.484,7
709506.708,4086337.550,372.539,330.234,7
709506.577,4086339.878,384.375,345.664,7
709506.374,4086341.753,391.055,353.047,7
709506.077,4086343.255,391.484,355.625,7
709505.638,4086344.680,390.977,353.438,7
709505.029,4086346.045,385.664,341.797,7
709504.211,4086347.339,360.547,311.992,7
709503.127,4086348.256,334.297,279.961,7
709478.125,4086341.705,336.836,293.750,8
709478.420,4086340.416,328.164,284.609,8
709478.612,4086338.807,325.000,289.922,8
709478.742,4086336.942,326.641,293.867,8
709478.851,4086334.915,322.148,293.242,8
709479.082,4086332.902,322.422,295.625,8
709479.404,4086330.965,318.633,284.531,8
709479.633,4086329.003,313.438,270.820,8
709479.753,4086327.096,323.477,276.172,8
709479.726,4086325.133,334.414,290.078,8
709479.600,4086323.130,342.695,304.492,8
709479.513,4086321.179,336.094,303.516,8
709479.441,4086319.197,319.453,280.313,8
709479.343,4086317.297,301.172,261.289,8
709479.368,4086315.448,288.281,248.828,8
709479.584,4086313.510,276.367,232.109,8
709479.773,4086311.550,275.313,223.555,8
709479.947,4086309.519,288.828,235.625,8
709480.148,4086307.547,277.500,239.961,8
709480.446,4086305.562,286.094,244.141,8
709480.717,4086303.626,293.164,251.250,8
709480.740,4086301.679,303.750,259.141,8
709480.667,4086299.573,299.805,263.789,8
709480.650,4086297.396,296.406,252.344,8
709480.749,4086295.201,296.328,245.781,8
709480.937,4086293.074,311.719,259.336,8
709481.069,4086290.952,322.891,269.922,8
709481.185,4086288.893,345.938,297.344,8
709481.229,4086286.969,350.898,311.289,8
709481.197,4086285.012,360.117,314.453,8
709481.128,4086282.930,347.656,325.234,8
709481.020,4086280.743,334.727,314.648,8
709481.029,4086278.473,328.242,318.516,8
709481.056,4086276.331,316.133,320.781,8
709481.136,4086274.306,331.680,334.492,8
709481.263,4086272.229,342.969,334.297,8
709481.286,4086270.182,356.563,335.664,8
709481.273,4086268.100,365.742,349.570,8
709481.385,4086266.012,363.906,332.734,8
709481.607,4086263.891,361.680,330.781,8
709481.733,4086261.757,368.320,342.461,8
709481.735,4086259.701,358.711,338.906,8
709481.758,4086257.616,360.586,335.078,8
709481.885,4086255.482,366.992,387.891,8
709482.143,4086253.287,376.367,385.156,8
709482.483,4086251.050,356.172,378.086,8
709482.725,4086248.779,363.711,345.273,8
709482.854,4086246.424,339.492,334.492,8
709482.939,4086244.088,320.117,360.547,8
709482.947,4086241.829,327.578,386.016,8
709482.915,4086239.529,334.492,368.594,8
709482.946,4086237.198,337.188,364.258,8
709483.038,4086234.862,362.813,418.047,8
709483.184,4086232.481,374.063,433.438,8
709483.348,4086230.063,370.391,363.398,8
709483.514,4086227.586,363.672,343.555,8
709483.650,4086225.191,352.969,390.742,8
709483.800,4086222.638,363.750,393.047,8
709483.948,4086220.013,370.547,362.656,8
709484.037,4086217.390,393.086,369.453,8
709484.076,4086214.789,387.305,436.680,8
709484.187,4086212.324,404.961,467.813,8
709484.337,4086209.840,407.070,456.758,8
709484.410,4086207.369,397.383,449.336,8
709484.450,4086204.948,384.023,440.508,8
709484.493,4086202.571,360.859,418.984,8
709484.468,4086200.225,346.484,400.156,8
709484.434,4086197.809,369.648,429.609,8
709484.552,4086195.423,387.813,387.227,8
709484.732,4086193.107,380.000,336.289,8
709484.952,4086190.823,372.969,365.625,8
709485.159,4086188.686,373.242,400.586,8
709485.300,4086186.511,377.773,394.883,8
709485.373,4086184.338,361.016,362.930,8
709485.382,4086182.218,348.281,339.727,8
709485.310,4086180.136,358.164,341.133,8
709485.229,4086178.093,354.609,338.203,8
709485.215,4086175.947,344.805,311.172,8
709485.304,4086173.734,332.852,308.906,8
709485.503,4086171.592,317.461,275.078,8
709485.795,4086169.529,318.516,267.461,8
709486.180,4086167.454,305.273,265.703,8
709486.549,4086165.368,312.148,266.484,8
709486.751,4086163.336,317.148,261.758,8
709486.884,4086161.310,321.875,267.148,8
709487.021,4086159.289,313.008,263.945,8
709487.018,4086157.310,304.453,250.000,8
709486.934,4086155.259,304.453,243.008,8
709486.923,4086153.132,298.477,254.883,8
709486.917,4086150.966,304.219,254.023,8
709486.897,4086148.763,306.602,251.641,8
709486.917,4086146.564,310.859,256.289,8
709486.927,4086144.366,301.523,256.641,8
709486.961,4086142.164,270.391,222.773,8
709487.200,4086139.900,247.813,197.266,8
709487.514,4086137.623,243.750,191.133,8
709487.673,4086135.394,249.531,195.391,8
709487.704,4086133.171,261.445,212.109,8
709487.673,4086130.909,267.461,214.531,8
709487.653,4086128.669,269.648,212.852,8
709487.599,4086126.494,267.969,213.281,8
709487.507,4086124.583,265.508,208.867,8
709487.592,4086122.937,260.820,205.273,8
709487.898,4086121.229,258.398,200.938,8
709488.138,4086119.304,259.805,203.672,8
709488.096,4086117.244,258.516,201.953,8
709487.942,4086115.177,262.070,207.813,8
709487.953,4086113.115,270.352,214.297,8
709487.987,4086110.958,274.102,217.266,8
709487.932,4086108.732,264.258,224.766,8
709487.947,4086106.514,275.273,224.609,8
709488.080,4086104.353,284.688,234.141,8
709488.254,4086102.207,290.430,233.633,8
709488.436,4086099.997,292.266,230.508,8
709488.593,4086097.651,312.422,247.695,8
709488.684,4086095.149,343.672,293.672,8
709488.765,4086092.582,366.094,331.641,8
709488.875,4086090.104,357.148,323.164,8
709489.098,4086087.774,339.102,287.539,8
709489.426,4086085.503,302.461,249.648,8
709489.704,4086083.185,281.016,214.336,8
709489.847,4086080.790,283.867,215.469,8
709489.917,4086078.257,311.719,245.391,8
709489.977,4086075.671,338.281,290.391,8
709490.010,4086073.080,393.320,341.484,8
709489.995,4086070.507,398.047,352.461,8
709490.020,4086068.068,384.180,332.422,8
709490.215,4086065.751,371.016,328.594,8
709490.545,4086063.479,357.617,304.375,8
709490.793,4086061.111,365.039,303.516,8
709490.825,4086058.669,390.781,328.477,8
709490.889,4086056.261,407.656,358.672,8
709491.134,4086053.868,416.758,363.359,8
709491.359,4086051.481,402.031,352.227,8
709491.499,4086049.094,406.445,347.891,8
709491.580,4086046.718,406.797,341.289,8
709491.583,4086044.384,404.453,336.719,8
709491.550,4086041.977,413.516,347.813,8
709491.554,4086039.519,418.320,356.055,8
709491.610,4086037.071,423.438,363.008,8
709491.762,4086034.692,422.891,358.047,8
709491.948,4086032.340,418.125,347.148,8
709491.943,4086029.913,418.086,346.836,8
709491.792,4086027.453,430.391,364.375,8
709491.803,4086025.018,429.336,364.805,8
709492.015,4086022.632,421.172,357.813,8
709492.256,4086020.249,413.477,343.008,8
709492.438,4086017.777,399.883,344.453,8
709492.596,4086015.235,413.242,349.609,8
709492.828,4086012.734,428.398,367.344,8
709493.103,4086010.299,438.750,378.789,8
709493.296,4086007.904,437.969,374.219,8
709493.481,4086005.501,438.359,381.016,8
709493.750,4086003.086,434.297,392.930,8
709493.913,4086000.674,446.875,396.875,8
709493.888,4085998.233,431.563,389.570,8
709493.812,4085995.735,411.758,369.727,8
709493.809,4085993.151,420.820,367.266,8
709493.866,4085990.620,435.703,390.625,8
709493.956,4085988.158,438.711,385.664,8
709494.084,4085985.687,428.008,391.094,8
709494.238,4085983.279,396.328,329.766,8
709494.412,4085980.889,367.852,297.188,8
709494.473,4085978.479,369.570,307.813,8
709494.366,4085976.084,384.844,348.789,8
709494.306,4085973.653,418.086,365.977,8
709494.413,4085971.197,425.391,364.727,8
709494.547,4085968.752,426.719,361.875,8
709494.628,4085966.354,420.000,362.305,8
709494.690,4085963.997,411.563,355.078,8
709494.756,4085961.669,411.211,351.211,8
709494.870,4085959.374,401.914,356.289,8
709495.044,4085957.076,393.281,346.289,8
709495.245,4085954.801,396.328,344.375,8
709495.394,4085952.543,409.570,353.281,8
709495.458,4085950.283,415.742,358.906,8
709495.493,4085948.081,409.141,361.016,8
709495.523,4085945.901,395.469,356.523,8
709495.537,4085943.724,400.195,353.555,8
709495.568,4085941.555,401.250,360.703,8
709495.616,4085939.363,407.188,360.117,8
709495.667,4085937.176,409.414,361.367,8
709495.738,4085934.943,381.875,339.570,8
709495.879,4085932.664,359.531,297.266,8
709496.141,4085930.423,361.289,309.453,8
709496.427,4085928.210,371.563,333.828,8
709496.629,4085926.037,385.703,346.250,8
709496.793,4085923.844,403.242,355.117,8
709496.949,4085921.605,406.641,372.500,8
709497.080,4085919.369,416.914,372.734,8
709497.181,4085917.188,413.320,368.008,8
709497.241,4085915.096,395.508,344.375,8
709497.308,4085913.016,388.398,326.602,8
709497.435,4085910.909,386.133,329.297,8
709497.594,4085908.774,384.883,326.953,8
709497.765,4085906.531,388.906,325.977,8
709497.918,4085904.234,400.117,345.859,8
709497.982,4085901.878,406.094,362.344,8
709497.979,4085899.441,407.852,361.719,8
709498.052,4085897.073,386.875,338.750,8
709498.222,4085894.806,362.227,295.234,8
709498.332,4085892.545,351.289,287.656,8
709498.337,4085890.221,371.758,301.875,8
709498.373,4085887.799,399.609,336.016,8
709498.500,4085885.316,421.914,388.086,8
709498.678,4085882.808,426.914,427.031,8
709498.863,4085880.305,428.555,439.102,8
709499.020,4085877.768,423.086,404.570,8
709499.077,4085875.222,429.023,417.188,8
709499.110,4085872.769,411.250,375.195,8
709499.186,4085870.419,415.117,378.555,8
709499.185,4085868.103,403.516,377.578,8
709499.154,4085865.752,398.125,366.328,8
709499.214,4085863.330,393.359,365.195,8
709499.323,4085860.876,395.078,344.727,8
709499.432,4085858.423,389.258,343.945,8
709499.541,4085855.973,397.930,345.391,8
709499.649,4085853.518,389.492,342.148,8
709499.664,4085851.103,385.977,331.250,8
709499.521,4085848.711,394.609,360.508,8
709499.337,4085846.253,398.867,362.266,8
709499.184,4085843.808,385.625,346.289,8
709499.195,4085841.349,378.398,323.594,8
709499.290,4085838.841,386.445,333.906,8
709499.319,4085836.334,402.266,358.906,8
709499.354,4085833.812,401.406,375.547,8
709499.460,4085831.297,395.547,356.523,8
709499.567,4085828.811,378.672,358.594,8
709499.606,4085826.372,379.492,340.547,8
709499.641,4085824.004,359.531,322.188,8
709499.778,4085821.661,354.570,304.492,8
709499.961,4085819.315,375.898,323.125,8
709500.102,4085816.964,392.148,349.492,8
709500.285,4085814.436,378.555,325.430,8
709500.565,4085811.714,364.844,318.906,8
709500.833,4085809.205,361.836,314.063,8
709501.108,4085806.769,364.570,310.898,8
709501.348,4085804.353,391.328,349.102,8
709501.577,4085802.010,408.984,367.695,8
709501.809,4085799.732,413.633,382.539,8
709502.137,4085797.501,410.781,375.195,8
709502.572,4085795.265,409.609,379.063,8
709502.923,4085792.992,394.609,360.625,8
709502.995,4085790.766,418.633,394.961,8
709502.849,4085788.758,417.813,389.219,8
709502.740,4085787.082,420.625,377.656,8
709502.521,4085785.720,394.961,359.180,8
709478.536,4085790.962,357.813,300.547,9
709478.445,4085792.449,351.680,285.625,9
709478.389,4085793.917,357.656,296.680,9
709478.345,4085795.412,355.117,295.625,9
709478.192,4085797.010,362.305,297.188,9
709478.093,4085798.712,377.500,311.445,9
709478.018,4085800.473,375.352,313.125,9
709477.944,4085802.261,356.992,298.555,9
709477.986,4085803.996,338.359,274.609,9
709478.058,4085805.690,335.703,271.602,9
709478.146,4085807.350,335.117,271.875,9
709478.152,4085809.021,335.391,273.008,9
709477.973,4085810.811,337.773,274.063,9
709477.749,4085812.684,349.961,285.898,9
709477.643,4085814.580,364.492,294.922,9
709477.642,4085816.488,381.641,319.258,9
709477.713,4085818.400,377.422,320.898,9
709477.754,4085820.367,380.703,321.992,9
709477.606,4085822.372,381.289,324.922,9
709477.275,4085824.394,389.219,327.656,9
709476.999,4085826.497,392.305,332.422,9
709476.895,4085828.592,381.914,321.797,9
709476.851,4085830.680,371.758,313.242,9
709476.765,4085832.765,362.891,302.109,9
709476.679,4085834.869,351.172,285.859,9
709476.581,4085837.006,339.258,271.016,9
709476.414,4085839.120,339.219,275.352,9
709476.215,4085841.246,347.617,288.438,9
709475.968,4085843.399,355.000,302.656,9
709475.688,4085845.507,351.094,294.023,9
709475.544,4085847.644,332.344,279.727,9
709475.594,4085849.808,316.953,258.164,9
709475.792,4085851.982,311.328,256.367,9
709476.027,4085854.082,329.102,260.938,9
709476.156,4085856.069,330.313,263.867,9
709476.160,4085858.115,338.398,271.758,9
709476.113,4085860.224,348.047,290.078,9
709476.047,4085862.386,355.117,294.375,9
709475.889,4085864.587,362.305,303.555,9
709475.731,4085866.786,368.516,311.367,9
709475.767,4085869.040,376.133,311.758,9
709475.847,4085871.271,382.578,323.906,9
709475.788,4085873.481,390.039,337.695,9
709475.666,4085875.677,382.852,331.172,9
709475.558,4085877.848,370.508,312.578,9
709475.465,4085880.036,366.367,315.234,9
709475.281,4085882.120,364.336,314.531,9
709475.040,4085884.206,345.703,294.336,9
709474.802,4085886.291,347.500,285.391,9
709474.538,4085888.399,335.352,282.461,9
709474.310,4085890.609,338.555,281.094,9
709474.096,4085892.814,348.867,296.406,9
709473.889,4085895.073,362.344,321.250,9
709473.826,4085897.360,366.875,320.938,9
709473.849,4085899.581,365.352,319.453,9
709473.869,4085901.864,368.477,317.188,9
709473.835,4085904.111,376.055,318.477,9
709473.731,4085906.281,369.766,309.648,9
709473.621,4085908.447,375.273,313.828,9
709473.564,4085910.648,384.375,323.164,9
709473.609,4085912.886,376.016,324.297,9
709473.581,4085915.018,377.930,320.586,9
709473.384,4085917.152,363.047,313.320,9
709473.122,4085919.314,359.531,304.414,9
709472.812,4085921.450,334.727,285.391,9
709472.531,4085923.672,321.953,259.453,9
709472.449,4085925.905,326.602,260.820,9
709472.500,4085928.124,339.492,275.898,9
709472.505,4085930.408,347.695,278.516,9
709472.501,4085932.685,362.852,291.563,9
709472.409,4085934.963,381.289,317.578,9
709472.309,4085937.243,367.031,307.969,9
709472.421,4085939.510,349.023,285.000,9
709472.483,4085941.608,350.664,279.648,9
709472.261,4085943.743,357.578,295.039,9
709471.906,4085946.081,374.922,307.227,9
709471.637,4085948.432,387.422,328.867,9
709471.562,4085950.798,389.336,333.398,9
709471.555,4085953.083,385.547,335.820,9
709471.401,4085955.385,385.508,338.477,9
709471.209,4085957.860,367.031,326.445,9
709471.120,4085960.452,368.984,326.367,9
709470.998,4085962.922,379.492,340.898,9
709470.972,4085965.247,391.797,336.680,9
709471.014,4085967.499,395.977,340.664,9
709470.997,4085969.877,400.820,361.953,9
709470.937,4085972.184,407.031,355.586,9
709470.847,4085974.501,398.594,350.195,9
709470.865,4085976.836,408.125,353.516,9
709470.806,4085979.081,406.484,351.797,9
709470.758,4085981.356,392.305,329.961,9
709470.737,4085983.668,376.602,314.727,9
709470.562,4085985.959,347.656,285.234,9
709470.363,4085988.334,330.156,259.727,9
709470.171,4085990.729,359.453,292.305,9
709469.989,4085993.171,394.375,331.016,9
709469.908,4085995.708,405.117,340.938,9
709469.862,4085998.173,408.008,348.555,9
709469.709,4086000.632,400.586,334.883,9
709469.507,4086003.005,389.531,325.508,9
709469.372,4086005.418,382.852,328.398,9
709469.326,4086007.870,371.484,311.953,9
709469.354,4086010.283,359.727,293.320,9
709469.412,4086012.583,352.734,276.367,9
709469.274,4086014.789,364.492,293.125,9
709469.081,4086016.935,372.148,311.836,9
709468.945,4086019.093,376.680,307.070,9
709468.694,4086021.343,381.055,313.281,9
709468.508,4086023.591,378.164,311.445,9
709468.460,4086025.763,360.820,300.430,9
709468.443,4086028.050,329.375,265.859,9
709468.506,4086030.331,294.844,228.047,9
709468.497,4086032.476,293.867,235.430,9
709468.436,4086034.754,318.906,266.563,9
709468.319,4086037.008,354.023,292.773,9
709468.149,4086039.242,386.094,323.125,9
709468.089,4086041.509,396.758,332.461,9
709468.112,4086043.868,380.859,317.148,9
709468.083,4086046.277,355.781,293.242,9
709468.000,4086048.820,335.938,272.695,9
709467.926,4086051.429,359.180,299.961,9
709467.774,4086054.049,379.844,324.219,9
709467.535,4086056.727,387.930,333.242,9
709467.199,4086059.436,375.313,329.492,9
709466.984,4086062.105,347.852,291.094,9
709466.954,4086064.841,335.117,274.961,9
709467.003,4086067.545,332.813,276.250,9
709467.123,4086070.189,310.234,256.523,9
709467.167,4086072.745,271.797,216.367,9
709466.915,4086075.159,233.594,184.414,9
709466.505,4086077.659,241.250,189.883,9
709466.241,4086080.198,274.336,227.188,9
709466.003,4086082.624,316.641,264.414,9
709465.870,4086084.919,329.531,288.477,9
709465.749,4086087.076,321.172,285.664,9
709465.645,4086089.214,296.172,251.016,9
709465.777,4086091.440,287.422,237.813,9
709466.011,4086093.650,287.344,245.742,9
709466.312,4086095.826,292.305,255.703,9
709466.560,4086097.921,271.328,243.320,9
709466.589,4086100.069,249.648,213.516,9
709466.614,4086102.232,244.805,205.078,9
709466.615,4086104.443,242.461,213.594,9
709466.367,4086106.640,237.422,203.281,9
709466.078,4086108.919,234.141,197.734,9
709465.913,4086111.280,233.164,199.219,9
709465.780,4086113.590,230.938,193.984,9
709465.426,4086115.991,222.422,186.992,9
709465.130,4086118.371,234.336,194.023,9
709465.053,4086120.627,245.586,206.836,9
709465.011,4086122.948,252.813,213.398,9
709465.030,4086125.383,246.914,210.156,9
709465.123,4086127.738,245.156,213.750,9
709465.230,4086129.974,247.539,214.102,9
709465.250,4086132.169,232.227,199.219,9
709465.281,4086134.454,230.547,200.820,9
709465.327,4086136.823,232.422,203.633,9
709465.250,4086139.306,239.336,203.008,9
709465.093,4086141.783,237.813,200.586,9
709464.973,4086144.231,252.266,215.000,9
709464.887,4086146.790,260.586,216.797,9
709464.728,4086149.341,254.531,210.938,9
709464.679,4086151.867,261.992,214.570,9
709464.622,4086154.388,279.063,233.477,9
709464.444,4086156.896,277.266,228.086,9
709464.317,4086159.456,265.273,221.914,9
709464.239,4086161.984,265.859,224.688,9
709464.218,4086164.424,276.836,232.891,9
709464.149,4086166.896,271.719,230.391,9
709463.895,4086169.463,269.141,221.094,9
709463.583,4086172.112,293.711,251.641,9
709463.502,4086174.760,297.969,247.500,9
709463.625,4086177.419,297.188,246.758,9
709463.716,4086180.045,279.375,226.641,9
709463.670,4086182.624,282.930,231.719,9
709463.637,4086185.304,286.992,231.445,9
709463.638,4086187.929,286.992,226.992,9
709463.527,4086190.411,315.625,267.734,9
709463.327,4086192.874,339.570,303.203,9
709463.166,4086195.308,347.617,308.633,9
709463.021,4086197.694,333.867,286.289,9
709462.899,4086200.051,337.656,285.430,9
709462.836,4086202.474,343.867,290.430,9
709462.791,4086204.920,328.828,280.820,9
709462.662,4086207.313,319.570,266.484,9
709462.387,4086209.729,316.836,263.164,9
709462.168,4086212.160,293.594,242.109,9
709462.176,4086214.622,277.344,230.078,9
709462.245,4086217.087,262.656,220.273,9
709462.219,4086219.588,266.641,227.578,9
709462.147,4086222.176,275.273,235.156,9
709462.113,4086224.786,285.859,244.219,9
709462.046,4086227.359,303.555,264.766,9
709461.847,4086229.883,296.523,253.320,9
709461.645,4086232.396,298.672,258.086,9
709461.427,4086234.935,315.586,288.594,9
709461.192,4086237.453,326.992,297.227,9
709461.116,4086240.025,331.406,307.695,9
709461.140,4086242.676,317.539,289.688,9
709461.136,4086245.327,310.898,288.516,9
709461.066,4086248.004,306.875,288.711,9
709460.923,4086250.753,310.703,289.375,9
709460.829,4086253.465,318.945,301.250,9
709460.773,4086256.144,317.461,295.078,9
709460.720,4086258.811,321.992,300.430,9
709460.744,4086261.394,323.633,300.234,9
709460.783,4086263.767,317.813,295.820,9
709460.729,4086265.937,298.594,269.688,9
709460.629,4086267.919,298.672,267.344,9
709460.524,4086269.838,298.789,261.172,9
709460.496,4086271.865,285.195,249.102,9
709460.488,4086273.998,285.781,252.656,9
709460.367,4086276.258,280.273,264.844,9
709460.153,4086278.697,276.641,267.695,9
709459.882,4086281.149,280.000,276.523,9
709459.635,4086283.592,277.305,269.844,9
709459.480,4086286.038,285.742,273.984,9
709459.384,4086288.524,288.047,265.195,9
709459.360,4086291.086,291.563,277.617,9
709459.337,4086293.642,296.719,286.250,9
709459.303,4086296.268,304.219,293.125,9
709459.191,4086298.919,314.922,307.344,9
709459.016,4086301.565,308.320,293.789,9
709458.967,4086304.223,293.203,283.203,9
709459.003,4086306.877,281.797,270.625,9
709459.069,4086309.594,289.102,277.422,9
709459.105,4086312.310,297.148,282.813,9
709458.965,4086314.952,313.320,296.484,9
709458.671,4086317.437,316.992,307.539,9
709458.465,4086319.834,304.219,282.891,9
709458.413,4086322.307,290.547,262.539,9
709458.381,4086324.775,278.242,243.047,9
709458.242,4086327.198,273.359,235.898,9
709458.074,4086329.582,271.250,236.133,9
709457.975,4086331.961,281.211,255.469,9
709457.910,4086334.292,295.039,264.141,9
709457.791,4086336.417,296.133,268.711,9
709457.537,4086338.309,294.961,259.883,9
709457.083,4086339.987,297.969,257.188,9
709456.386,4086341.346,309.141,268.164,9
709455.494,4086342.456,305.703,269.531,9
709454.305,4086343.201,311.016,267.695,9
709426.996,4086337.194,306.914,249.570,10
709426.831,4086335.462,298.477,241.367,10
709426.725,4086333.513,302.773,242.188,10
709426.744,4086331.402,308.125,250.977,10
709426.828,4086329.283,301.250,244.766,10
709426.932,4086327.260,299.258,242.773,10
709427.025,4086325.302,305.586,249.219,10
709427.100,4086323.386,316.367,267.891,10
709427.141,4086321.477,328.477,283.516,10
709427.182,4086319.533,346.953,316.445,10
709427.269,4086317.551,346.484,324.258,10
709427.370,4086315.507,342.031,340.391,10
709427.465,4086313.430,318.164,309.375,10
709427.584,4086311.479,314.883,290.078,10
709427.741,4086309.713,304.922,287.031,10
709427.943,4086308.072,285.742,277.969,10
709428.138,4086306.334,287.305,278.320,10
709428.369,4086304.387,275.234,272.109,10
709428.655,4086302.310,271.250,282.617,10
709428.771,4086300.099,270.039,298.672,10
709428.710,4086297.827,284.414,273.047,10
709428.628,4086295.575,263.164,257.500,10
709428.541,4086293.335,258.516,239.141,10
709428.464,4086291.111,256.758,224.375,10
709428.417,4086288.827,267.734,239.258,10
709428.478,4086286.520,280.352,263.359,10
709428.657,4086284.144,316.641,302.891,10
709428.793,4086281.704,323.672,324.375,10
709428.887,4086279.316,330.000,409.688,10
709429.084,4086277.027,348.359,444.375,10
709429.370,4086274.761,346.016,430.273,10
709429.581,4086272.458,364.844,455.547,10
709429.670,4086270.161,381.563,438.828,10
709429.590,4086267.929,372.891,454.727,10
709429.416,4086265.717,382.109,467.266,10
709429.418,4086263.476,359.727,433.359,10
709429.516,4086261.177,370.234,426.367,10
709429.544,4086258.774,367.773,432.891,10
709429.559,4086256.341,368.555,424.609,10
709429.618,4086253.965,373.438,419.336,10
709429.583,4086251.682,371.328,414.492,10
709429.476,4086249.506,369.180,406.250,10
709429.470,4086247.317,371.133,386.953,10
709429.594,4086245.022,383.555,407.500,10
709429.742,4086242.597,389.297,435.313,10
709429.869,4086240.108,381.055,432.852,10
709429.965,4086237.623,360.352,393.633,10
709430.083,4086235.103,366.250,380.898,10
709430.247,4086232.618,392.617,431.641,10
709430.408,4086230.175,415.547,474.336,10
709430.567,4086227.798,416.484,491.328,10
709430.722,4086225.475,385.977,455.391,10
709430.833,4086223.181,373.516,443.828,10
709430.939,4086220.998,360.742,425.391,10
709431.150,4086218.852,355.586,416.133,10
709431.351,4086216.639,322.227,384.219,10
709431.375,4086214.328,290.664,342.344,10
709431.397,4086211.896,293.984,324.141,10
709431.494,4086209.488,321.719,386.406,10
709431.618,4086207.058,347.109,410.977,10
709431.719,4086204.659,372.891,436.836,10
709431.704,4086202.349,387.969,454.375,10
709431.746,4086200.052,385.859,451.289,10
709431.931,4086197.800,385.703,453.867,10
709432.245,4086195.532,373.984,444.570,10
709432.542,4086193.251,361.211,434.336,10
709432.587,4086191.027,353.047,423.164,10
709432.455,4086188.822,348.828,403.242,10
709432.492,4086186.632,365.078,397.070,10
709432.664,4086184.504,394.883,417.734,10
709432.674,4086182.375,424.883,433.242,10
709432.683,4086180.227,442.383,460.742,10
709432.666,4086178.067,455.898,478.789,10
709432.591,4086175.896,448.164,476.875,10
709432.586,4086173.716,420.234,430.078,10
709432.669,4086171.615,424.570,425.625,10
709432.937,4086169.543,398.867,402.930,10
709433.205,4086167.419,358.281,336.953,10
709433.372,4086165.301,362.578,326.758,10
709433.498,4086163.127,330.859,304.258,10
709433.566,4086160.838,318.125,297.852,10
709433.582,4086158.502,320.039,287.930,10
709433.612,4086156.093,328.359,292.109,10
709433.788,4086153.653,351.406,329.414,10
709433.949,4086151.145,408.789,429.961,10
709433.958,4086148.630,478.555,499.219,10
709433.951,4086146.206,457.188,480.234,10
709434.014,4086143.831,423.086,444.609,10
709434.212,4086141.531,372.266,400.000,10
709434.311,4086139.255,352.773,380.938,10
709434.279,4086137.019,342.070,383.477,10
709434.299,4086134.742,332.773,368.164,10
709434.452,4086132.334,350.430,394.844,10
709434.649,4086129.916,366.836,427.695,10
709434.860,4086127.527,361.602,421.211,10
709435.158,4086125.211,322.344,364.258,10
709435.406,4086123.005,319.141,336.055,10
709435.582,4086120.718,315.938,355.000,10
709435.667,4086118.497,286.563,317.227,10
709435.719,4086116.370,271.602,264.258,10
709435.667,4086114.216,234.336,229.180,10
709435.599,4086111.987,213.008,181.211,10
709435.582,4086109.673,206.992,160.234,10
709435.611,4086107.344,208.711,174.727,10
709435.771,4086105.013,213.594,177.422,10
709435.947,4086102.692,222.227,186.641,10
709436.128,4086100.352,245.469,199.375,10
709436.366,4086097.858,261.875,221.875,10
709436.521,4086095.397,279.023,236.719,10
709436.606,4086093.067,268.906,239.609,10
709436.580,4086090.812,242.227,199.375,10
709436.601,4086088.661,230.156,188.242,10
709436.774,4086086.558,216.992,175.938,10
709436.959,4086084.486,219.414,180.117,10
709437.156,4086082.311,225.039,194.453,10
709437.282,4086080.098,248.320,208.203,10
709437.244,4086077.875,277.813,236.367,10
709437.156,4086075.557,319.063,287.578,10
709437.160,4086073.227,338.125,317.031,10
709437.207,4086070.952,339.414,313.594,10
709437.279,4086068.769,339.219,302.969,10
709437.445,4086066.621,305.391,268.477,10
709437.643,4086064.438,307.344,257.695,10
709437.826,4086062.292,317.109,276.523,10
709438.073,4086060.051,331.484,286.797,10
709438.359,4086057.829,345.273,311.523,10
709438.459,4086055.694,345.664,306.328,10
709438.425,4086053.429,343.633,304.648,10
709438.495,4086051.129,373.867,341.406,10
709438.583,4086048.782,396.211,359.688,10
709438.703,4086046.432,398.359,361.797,10
709438.808,4086044.164,374.102,339.258,10
709438.848,4086041.809,373.047,325.547,10
709438.806,4086039.370,361.719,326.211,10
709438.824,4086036.925,362.578,317.969,10
709438.917,4086034.467,374.766,326.172,10
709438.994,4086031.944,405.547,371.953,10
709439.029,4086029.406,425.742,398.398,10
709439.050,4086026.918,422.852,403.789,10
709439.258,4086024.431,381.055,343.555,10
709439.513,4086021.988,367.109,325.977,10
709439.622,4086019.620,412.695,374.063,10
709439.771,4086017.291,435.039,398.672,10
709439.925,4086014.900,459.648,412.383,10
709439.862,4086012.497,462.773,414.453,10
709439.793,4086010.109,456.758,408.359,10
709439.811,4086007.727,444.375,399.570,10
709439.859,4086005.313,404.883,356.328,10
709439.940,4086002.951,368.906,306.719,10
709440.036,4086000.588,388.086,318.516,10
709440.149,4085998.234,416.875,362.344,10
709440.334,4085995.956,416.914,364.531,10
709440.616,4085993.708,397.852,342.969,10
709440.933,4085991.489,380.859,322.305,10
709441.164,4085989.297,400.781,338.984,10
709441.294,4085987.021,414.180,363.711,10
709441.338,4085984.650,416.875,360.781,10
709441.273,4085982.276,411.523,357.539,10
709441.144,4085979.943,402.852,352.852,10
709441.249,4085977.599,398.711,347.969,10
709441.574,4085975.249,397.422,349.180,10
709441.782,4085972.864,421.992,370.938,10
709441.930,4085970.441,427.539,377.695,10
709442.131,4085968.043,418.047,360.742,10
709442.252,4085965.640,417.695,355.156,10
709442.213,4085963.248,417.188,360.313,10
709442.121,4085960.932,433.789,378.398,10
709442.094,4085958.582,439.414,385.000,10
709442.138,4085956.277,421.680,371.719,10
709442.192,4085953.996,385.664,324.531,10
709442.395,4085951.636,378.320,314.258,10
709442.707,4085949.258,402.461,340.820,10
709442.942,4085946.830,434.375,380.039,10
709443.101,4085944.440,431.563,378.438,10
709443.130,4085942.105,405.313,341.641,10
709443.099,4085939.837,395.078,333.555,10
709443.057,4085937.605,389.180,340.078,10
709442.927,4085935.299,371.953,321.445,10
709442.793,4085933.056,335.664,280.156,10
709442.840,4085930.932,303.008,250.000,10
709443.059,4085928.748,298.516,244.609,10
709443.222,4085926.374,343.672,284.766,10
709443.180,4085923.856,374.688,325.313,10
709443.010,4085921.282,357.813,311.875,10
709442.898,4085918.632,340.391,291.484,10
709442.798,4085916.039,325.000,282.461,10
709442.841,4085913.705,314.766,275.039,10
709443.038,4085911.547,318.828,291.211,10
709443.013,4085909.386,328.398,305.313,10
709442.848,4085907.123,355.586,319.414,10
709442.691,4085904.805,370.977,331.016,10
709442.652,4085902.422,382.891,350.156,10
709442.697,4085899.929,375.039,335.195,10
709442.726,4085897.448,375.977,342.539,10
709442.771,4085894.989,384.297,343.008,10
709442.882,4085892.643,394.805,355.352,10
709443.027,4085890.403,413.438,382.070,10
709443.312,4085888.242,403.477,369.961,10
709443.549,4085886.025,386.914,352.656,10
709443.769,4085883.676,380.273,360.508,10
709443.999,4085881.244,366.367,344.180,10
709444.141,4085878.667,365.508,346.484,10
709444.257,4085875.861,343.984,327.852,10
709444.341,4085873.206,323.906,311.758,10
709444.413,4085870.736,327.813,311.211,10
709444.463,4085868.307,334.688,321.406,10
709444.463,4085865.975,309.297,283.359,10
709444.231,4085863.893,319.141,277.148,10
709443.977,4085861.752,331.914,318.398,10
709443.790,4085859.626,348.125,327.461,10
709443.994,4085857.241,350.234,321.563,10
709444.315,4085854.884,336.602,308.242,10
709444.567,4085852.545,355.977,327.383,10
709444.741,4085850.254,347.695,323.594,10
709444.920,4085848.039,333.633,301.406,10
709445.127,4085845.701,320.352,289.492,10
709445.314,4085843.294,335.273,297.383,10
709445.423,4085840.864,354.102,316.875,10
709445.475,4085838.431,365.469,329.023,10
709445.538,4085835.981,365.898,334.141,10
709445.577,4085833.506,375.977,350.977,10
709445.545,4085831.038,386.641,396.523,10
709445.683,4085828.513,387.656,380.039,10
709445.986,4085826.046,382.813,390.703,10
709446.124,4085823.650,378.984,365.117,10
709446.026,4085821.266,362.109,332.422,10
709445.880,4085818.970,350.781,320.078,10
709445.871,4085816.765,352.930,310.898,10
709445.992,4085814.576,358.984,316.641,10
709446.195,4085812.373,359.336,316.641,10
709446.377,4085810.127,374.727,326.992,10
709446.343,4085807.849,393.125,336.875,10
709446.126,4085805.497,396.328,351.445,10
709445.987,4085803.109,395.977,360.352,10
709445.979,4085800.730,373.828,335.234,10
709446.004,4085798.393,360.195,330.273,10
709446.152,4085796.249,342.852,326.094,10
709446.346,4085794.169,356.563,342.227,10
709446.723,4085792.089,363.789,383.164,10
709447.108,4085790.084,347.422,346.055,10
709447.384,4085788.191,346.836,347.461,10
709447.457,4085786.616,330.156,365.469,10
709447.307,4085785.323,347.969,350.625,10
709447.068,4085784.229,324.492,330.156,10
709446.737,4085783.258,328.359,322.695,10
709426.774,4085789.820,281.680,231.563,11
709426.686,4085791.635,321.914,267.422,11
709426.528,4085793.492,360.195,308.516,11
709426.373,4085795.346,372.500,327.461,11
709426.288,4085797.173,366.094,321.328,11
709426.182,4085798.987,354.688,315.391,11
709426.018,4085800.813,341.602,306.172,11
709425.889,4085802.777,329.141,299.063,11
709425.776,4085804.865,314.727,291.602,11
709425.581,4085806.971,299.844,266.875,11
709425.368,4085809.119,299.375,262.383,11
709425.246,4085811.278,306.016,277.969,11
709425.176,4085813.334,300.352,270.391,11
709425.061,4085815.331,277.344,240.391,11
709424.982,4085817.255,248.320,208.242,11
709425.010,4085819.147,240.508,192.969,11
709425.066,4085821.026,241.836,200.938,11
709425.007,4085822.933,250.742,210.234,11
709424.842,4085824.919,260.547,220.117,11
709424.766,4085826.928,279.297,237.500,11
709424.808,4085828.956,306.328,265.117,11
709424.793,4085830.959,338.008,307.305,11
709424.662,4085832.955,347.539,322.383,11
709424.535,4085835.075,336.875,319.063,11
709424.485,4085837.155,314.141,300.859,11
709424.506,4085839.108,300.117,283.984,11
709424.560,4085841.026,291.875,279.727,11
709424.535,4085842.955,297.109,281.367,11
709424.348,4085844.944,304.414,288.594,11
709424.033,4085846.969,302.266,290.742,11
709423.760,4085849.057,301.875,286.992,11
709423.701,4085851.126,293.047,271.680,11
709423.754,4085853.194,292.305,260.234,11
709423.817,4085855.272,305.156,270.898,11
709423.817,4085857.297,331.680,295.313,11
709423.693,4085859.259,340.820,308.047,11
709423.494,4085861.220,344.688,315.273,11
709423.265,4085863.295,328.828,304.219,11
709422.934,4085865.339,323.398,284.609,11
709422.632,4085867.358,326.211,301.992,11
709422.460,4085869.480,301.953,280.078,11
709422.455,4085871.603,264.805,239.531,11
709422.542,4085873.686,251.172,227.266,11
709422.635,4085875.791,246.328,219.453,11
709422.760,4085877.866,258.750,232.539,11
709422.913,4085879.891,307.227,267.656,11
709423.083,4085881.950,365.586,330.586,11
709423.180,4085884.062,379.375,349.180,11
709423.130,4085886.179,382.617,350.156,11
709422.960,4085888.278,375.273,343.125,11
709422.674,4085890.419,357.461,327.539,11
709422.320,4085892.581,352.773,319.805,11
709422.060,4085894.788,344.727,310.352,11
709421.953,4085897.031,355.078,313.125,11
709421.964,4085899.191,356.641,324.609,11
709422.111,4085901.332,352.422,346.211,11
709422.249,4085903.357,341.211,334.766,11
709422.293,4085905.338,348.438,331.602,11
709422.135,4085907.361,369.102,341.250,11
709421.773,4085909.377,386.055,359.922,11
709421.519,4085911.509,408.711,374.609,11
709421.368,4085913.741,420.859,388.281,11
709421.194,4085915.980,411.836,382.813,11
709421.142,4085918.203,385.508,365.391,11
709421.176,4085920.347,367.266,346.992,11
709421.252,4085922.510,374.414,351.406,11
709421.274,4085924.699,378.516,358.438,11
709421.161,4085926.937,395.352,356.016,11
709421.003,4085929.196,400.977,366.719,11
709420.931,4085931.373,405.273,371.172,11
709420.840,4085933.554,395.938,357.188,11
709420.659,4085935.757,373.008,341.523,11
709420.301,4085938.040,345.000,300.859,11
709419.948,4085940.378,322.813,276.172,11
709419.761,4085942.584,334.219,278.164,11
709419.672,4085944.754,376.328,328.750,11
709419.626,4085947.154,427.773,380.313,11
709419.656,4085949.712,437.031,395.156,11
709419.725,4085952.285,434.258,389.648,11
709419.742,4085954.709,424.102,380.430,11
709419.794,4085957.190,409.102,360.820,11
709419.963,4085959.665,406.797,357.383,11
709420.054,4085961.994,412.539,364.805,11
709420.034,4085964.323,422.109,372.305,11
709419.944,4085966.698,441.602,403.164,11
709419.809,4085969.064,432.070,392.891,11
709419.675,4085971.426,428.477,385.938,11
709419.528,4085973.793,416.094,373.438,11
709419.435,4085976.209,391.680,354.180,11
709419.307,4085978.597,376.992,335.703,11
709419.169,4085980.969,377.813,341.172,11
709419.111,4085983.281,381.055,340.508,11
709418.989,4085985.650,399.375,350.156,11
709418.713,4085988.160,410.000,364.805,11
709418.423,4085990.612,398.633,360.781,11
709418.225,4085992.991,338.359,294.141,11
709418.067,4085995.300,286.563,238.164,11
709417.893,4085997.608,283.242,239.102,11
709417.729,4085999.955,306.406,257.383,11
709417.626,4086002.320,366.523,329.609,11
709417.652,4086004.731,403.984,366.758,11
709417.771,4086007.120,384.844,360.117,11
709417.877,4086009.420,328.594,291.836,11
709417.899,4086011.698,286.719,239.766,11
709417.734,4086013.954,299.727,254.023,11
709417.475,4086016.183,331.094,292.813,11
709417.250,4086018.396,362.070,330.430,11
709417.099,4086020.628,383.438,348.945,11
709416.951,4086022.994,401.719,362.266,11
709416.890,4086025.492,389.961,364.336,11
709416.917,4086027.995,368.320,334.375,11
709416.866,4086030.464,366.641,325.156,11
709416.812,4086032.914,358.633,334.609,11
709416.758,4086035.464,336.797,311.719,11
709416.640,4086037.944,306.172,277.305,11
709416.496,4086040.224,294.844,258.750,11
709416.463,4086042.467,280.000,245.469,11
709416.530,4086044.791,267.344,232.773,11
709416.462,4086047.120,267.344,227.930,11
709416.278,4086049.390,290.039,255.742,11
709416.039,4086051.614,311.289,271.406,11
709415.640,4086053.787,301.953,260.625,11
709415.260,4086055.943,277.109,231.172,11
709415.133,4086058.113,256.172,219.258,11
709415.216,4086060.308,258.945,226.914,11
709415.381,4086062.588,257.109,225.977,11
709415.459,4086064.910,264.219,230.938,11
709415.359,4086067.187,265.117,228.867,11
709415.201,4086069.441,261.484,218.750,11
709414.992,4086071.625,252.344,210.586,11
709414.662,4086073.817,247.148,212.930,11
709414.259,4086075.979,236.484,201.719,11
709414.107,4086078.132,228.438,195.313,11
709414.306,4086080.365,227.539,197.266,11
709414.395,4086082.603,231.016,201.523,11
709414.198,4086084.871,217.148,188.594,11
709413.895,4086087.115,204.219,178.008,11
709413.639,4086089.331,202.852,176.602,11
709413.473,4086091.641,203.594,182.383,11
709413.362,4086093.976,211.523,184.922,11
709413.323,4086096.293,234.023,207.891,11
709413.345,4086098.572,247.422,223.594,11
709413.341,4086100.855,251.797,218.672,11
709413.218,4086103.206,278.711,248.438,11
709413.037,4086105.548,285.156,250.586,11
709412.936,4086107.936,271.836,227.773,11
709412.970,4086110.386,252.383,210.547,11
709413.135,4086112.790,239.453,196.641,11
709413.218,4086115.140,231.875,188.516,11
709413.162,4086117.511,235.938,195.234,11
709413.156,4086119.961,242.852,197.500,11
709413.179,4086122.398,257.031,206.602,11
709413.128,4086124.764,278.281,220.977,11
709413.115,4086127.175,290.234,240.469,11
709413.157,4086129.628,285.078,236.563,11
709413.070,4086132.049,283.867,231.680,11
709412.888,4086134.417,292.344,239.570,11
709412.641,4086136.765,301.133,239.141,11
709412.312,4086139.190,312.148,257.539,11
709412.032,4086141.702,318.516,264.531,11
709411.858,4086144.257,309.609,255.195,11
709411.714,4086146.799,300.781,253.633,11
709411.517,4086149.321,306.367,269.570,11
709411.296,4086151.916,306.211,266.836,11
709411.196,4086154.525,309.492,264.063,11
709411.219,4086157.127,315.508,269.961,11
709411.286,4086159.677,323.125,282.969,11
709411.185,4086162.201,313.242,265.195,11
709410.970,4086164.775,327.461,271.367,11
709410.818,4086167.333,366.875,310.273,11
709410.768,4086169.885,407.031,361.953,11
709410.759,4086172.449,421.836,373.672,11
709410.597,4086175.009,417.852,367.813,11
709410.361,4086177.645,410.273,338.906,11
709410.166,4086180.252,415.430,368.008,11
709409.973,4086182.835,384.336,332.969,11
709409.797,4086185.491,363.438,316.328,11
709409.597,4086188.178,357.422,307.734,11
709409.441,4086190.892,352.734,299.766,11
709409.393,4086193.559,339.492,283.789,11
709409.355,4086196.198,330.898,282.539,11
709409.299,4086198.853,308.125,260.078,11
709409.259,4086201.487,283.711,242.539,11
709409.224,4086204.094,269.883,222.383,11
709409.150,4086206.714,289.766,231.563,11
709409.004,4086209.348,325.117,280.273,11
709408.823,4086211.973,304.375,259.180,11
709408.714,4086214.579,305.039,254.570,11
709408.605,4086217.189,325.859,290.117,11
709408.394,4086219.834,329.297,300.430,11
709408.228,4086222.450,329.297,306.875,11
709408.169,4086225.046,332.461,303.359,11
709408.156,4086227.611,329.063,301.406,11
709408.174,4086230.151,314.531,286.758,11
709408.271,4086232.707,317.656,285.195,11
709408.346,4086235.317,312.227,284.727,11
709408.297,4086237.981,324.648,296.758,11
709408.217,4086240.656,343.594,313.398,11
709408.019,4086243.304,351.758,320.000,11
709407.699,4086245.872,359.297,327.656,11
709407.452,4086248.333,354.492,325.195,11
709407.295,4086250.747,336.250,307.461,11
709407.150,4086253.090,334.570,311.016,11
709407.061,4086255.479,324.375,301.875,11
709406.997,4086257.983,330.117,303.750,11
709406.894,4086260.501,317.891,294.336,11
709406.799,4086262.981,311.602,286.484,11
709406.722,4086265.426,309.570,281.602,11
709406.651,4086267.910,314.805,291.250,11
709406.567,4086270.439,310.664,290.156,11
709406.436,4086273.004,301.484,279.492,11
709406.270,4086275.630,300.078,277.422,11
709406.106,4086278.263,297.461,266.328,11
709405.902,4086280.875,301.328,266.328,11
709405.621,4086283.423,315.742,287.656,11
709405.407,4086285.891,315.938,289.531,11
709405.311,4086288.332,312.188,284.102,11
709405.208,4086290.787,303.281,275.977,11
709405.102,4086293.294,292.422,269.609,11
709405.019,4086295.807,303.984,275.742,11
709404.927,4086298.327,320.508,293.789,11
709404.815,4086300.911,315.508,293.555,11
709404.766,4086303.473,300.508,272.266,11
709404.788,4086306.082,301.680,273.281,11
709404.765,4086308.792,290.391,258.203,11
709404.700,4086311.500,283.789,245.703,11
709404.586,4086314.143,293.047,259.570,11
709404.441,4086316.726,306.836,267.031,11
709404.276,4086319.328,313.984,272.930,11
709404.057,4086321.965,304.453,269.375,11
709403.891,4086324.610,294.648,255.625,11
709403.800,4086327.246,287.305,252.539,11
709403.784,4086329.853,291.914,248.242,11
709403.837,4086332.443,302.617,264.570,11
709403.802,4086334.855,315.742,277.930,11
709403.569,4086336.883,316.094,269.180,11
709403.151,4086338.702,319.258,281.094,11
709402.553,4086340.383,336.172,294.766,11
709401.705,4086341.755,350.859,306.055,11
709375.974,4086336.186,307.539,252.500,12
709376.360,4086334.340,304.883,258.281,12
709376.631,4086332.485,293.633,243.242,12
709376.804,4086330.694,297.266,238.398,12
709376.830,4086329.051,298.086,246.016,12
709376.778,4086327.664,296.563,248.359,12
709376.855,4086326.411,298.633,245.938,12
709377.067,4086325.062,296.719,242.734,12
709377.228,4086323.675,288.867,245.508,12
709377.247,4086322.167,289.727,242.500,12
709377.236,4086320.348,282.617,239.453,12
709377.361,4086318.233,279.453,244.297,12
709377.608,4086316.005,281.406,240.313,12
709377.906,4086313.750,285.117,242.930,12
709378.128,4086311.482,280.469,246.563,12
709378.253,4086309.292,281.953,239.727,12
709378.365,4086307.184,275.234,241.016,12
709378.427,4086305.090,273.867,235.664,12
709378.451,4086302.911,277.266,232.461,12
709378.455,4086300.621,281.563,244.180,12
709378.439,4086298.287,275.000,238.516,12
709378.488,4086295.868,259.766,221.563,12
709378.660,4086293.356,252.422,215.313,12
709378.858,4086290.828,260.469,223.711,12
709379.008,4086288.347,273.711,238.594,12
709379.186,4086285.907,282.500,252.422,12
709379.308,4086283.430,284.648,256.289,12
709379.291,4086280.961,282.031,257.891,12
709379.334,4086278.633,283.711,259.766,12
709379.500,4086276.420,284.805,249.570,12
709379.716,4086274.224,293.594,260.000,12
709380.003,4086271.932,306.484,269.883,12
709380.307,4086269.550,323.008,283.789,12
709380.482,4086267.158,335.898,286.875,12
709380.482,4086264.774,341.641,287.930,12
709380.487,4086262.446,350.547,313.281,12
709380.623,4086260.088,359.297,317.266,12
709380.769,4086257.678,358.789,328.594,12
709380.802,4086255.304,357.305,328.242,12
709380.738,4086252.951,351.133,307.344,12
709380.764,4086250.592,361.758,326.719,12
709380.958,4086248.226,354.609,311.445,12
709381.227,4086245.869,366.992,322.734,12
709381.497,4086243.517,362.227,351.367,12
709381.657,4086241.143,369.883,356.875,12
709381.741,4086238.825,358.750,360.820,12
709381.862,4086236.567,350.195,350.742,12
709381.968,4086234.358,357.188,361.836,12
709382.043,4086232.160,356.484,374.219,12
709382.151,4086229.916,362.578,338.516,12
709382.302,4086227.640,365.859,335.430,12
709382.443,4086225.337,367.969,346.992,12
709382.523,4086222.955,365.547,395.156,12
709382.547,4086220.527,369.414,427.695,12
709382.563,4086218.125,363.398,417.461,12
709382.652,4086215.793,363.867,418.086,12
709382.868,4086213.493,361.250,425.781,12
709383.160,4086211.217,356.641,395.938,12
709383.442,4086208.998,332.188,358.516,12
709383.652,4086206.788,330.781,301.289,12
709383.740,4086204.613,317.500,306.523,12
709383.809,4086202.503,325.938,305.898,12
709383.951,4086200.386,317.969,295.938,12
709383.994,4086198.228,317.500,280.586,12
709383.909,4086196.078,319.023,295.898,12
709383.910,4086193.939,322.188,307.148,12
709384.029,4086191.716,325.000,309.375,12
709384.116,4086189.398,339.180,355.039,12
709384.145,4086187.091,324.375,386.523,12
709384.196,4086184.824,321.641,319.141,12
709384.219,4086182.515,317.617,288.398,12
709384.189,4086180.125,332.266,328.984,12
709384.211,4086177.722,343.594,342.578,12
709384.278,4086175.348,361.211,348.047,12
709384.334,4086172.966,399.922,384.609,12
709384.456,4086170.596,433.867,424.141,12
709384.638,4086168.191,442.695,459.023,12
709384.874,4086165.744,421.797,421.953,12
709385.150,4086163.339,430.898,407.266,12
709385.478,4086160.930,426.289,408.320,12
709385.795,4086158.517,421.602,413.164,12
709385.836,4086156.075,415.352,418.984,12
709385.710,4086153.616,420.742,392.695,12
709385.693,4086151.243,374.609,355.234,12
709385.835,4086148.945,342.305,293.086,12
709386.015,4086146.651,299.414,260.664,12
709386.084,4086144.280,297.930,252.070,12
709386.154,4086141.849,303.477,252.734,12
709386.256,4086139.423,311.992,268.750,12
709386.309,4086136.972,307.109,267.617,12
709386.409,4086134.521,287.188,238.516,12
709386.515,4086132.018,293.008,235.586,12
709386.607,4086129.431,308.789,271.133,12
709386.797,4086126.871,308.672,269.883,12
709387.015,4086124.305,299.297,251.328,12
709387.110,4086121.793,298.867,246.250,12
709387.055,4086119.392,275.859,223.281,12
709387.046,4086116.991,254.805,208.555,12
709387.125,4086114.583,265.820,216.484,12
709387.217,4086112.175,280.000,255.156,12
709387.352,4086109.770,295.352,278.008,12
709387.501,4086107.334,297.773,275.273,12
709387.653,4086104.814,308.242,274.102,12
709387.825,4086102.279,319.492,286.094,12
709387.988,4086099.749,334.844,312.773,12
709388.189,4086097.285,364.375,355.117,12
709388.415,4086094.884,382.773,379.414,12
709388.495,4086092.533,356.016,346.719,12
709388.378,4086090.446,325.586,296.758,12
709388.317,4086088.474,297.578,265.703,12
709388.370,4086086.442,285.742,248.906,12
709388.407,4086084.343,290.156,243.242,12
709388.486,4086082.048,299.102,260.625,12
709388.621,4086079.658,295.938,282.070,12
709388.812,4086077.208,331.055,312.539,12
709389.051,4086074.762,350.820,368.789,12
709389.216,4086072.393,340.039,310.000,12
709389.329,4086070.061,309.766,248.047,12
709389.397,4086067.775,280.156,221.250,12
709389.403,4086065.519,257.344,204.297,12
709389.513,4086063.236,248.047,190.430,12
709389.753,4086060.928,253.711,197.109,12
709389.933,4086058.576,247.227,210.703,12
709390.073,4086056.304,249.961,208.477,12
709390.290,4086054.134,242.930,210.352,12
709390.589,4086051.961,246.992,206.797,12
709390.858,4086049.767,251.758,201.719,12
709390.918,4086047.493,252.773,198.281,12
709390.834,4086045.231,260.391,201.055,12
709390.753,4086042.969,272.617,210.781,12
709390.787,4086040.659,289.180,228.281,12
709390.893,4086038.268,310.117,252.422,12
709390.984,4086035.815,311.914,268.633,12
709391.170,4086033.369,311.250,258.945,12
709391.315,4086030.914,310.273,248.789,12
709391.396,4086028.405,325.195,266.445,12
709391.446,4086025.876,342.617,301.641,12
709391.510,4086023.314,350.156,300.625,12
709391.610,4086020.713,340.352,290.313,12
709391.718,4086018.019,327.773,269.414,12
709391.916,4086015.336,317.852,261.563,12
709392.127,4086012.672,309.375,253.125,12
709392.273,4086009.995,322.266,270.742,12
709392.317,4086007.313,340.195,293.633,12
709392.310,4086004.610,319.727,275.391,12
709392.397,4086001.936,321.133,283.359,12
709392.521,4085999.330,336.953,308.750,12
709392.688,4085996.705,367.461,325.234,12
709392.816,4085994.025,398.359,344.531,12
709392.903,4085991.289,408.164,342.695,12
709393.037,4085988.604,409.531,342.227,12
709393.144,4085985.987,393.203,344.961,12
709393.323,4085983.347,393.750,344.453,12
709393.496,4085980.748,384.648,332.383,12
709393.517,4085978.140,344.375,315.703,12
709393.560,4085975.560,353.086,344.727,12
709393.652,4085972.944,376.445,343.516,12
709393.802,4085970.233,368.477,334.609,12
709393.945,4085967.494,362.266,304.102,12
709394.050,4085964.729,387.305,327.813,12
709394.187,4085962.026,386.797,322.266,12
709394.397,4085959.387,364.336,304.297,12
709394.539,4085956.644,345.703,277.695,12
709394.511,4085953.947,366.406,297.266,12
709394.590,4085951.336,381.797,285.938,12
709394.788,4085948.771,363.008,271.563,12
709394.931,4085946.173,342.461,264.414,12
709395.047,4085943.410,388.750,317.461,12
709395.194,4085940.617,426.602,385.898,12
709395.324,4085937.802,408.828,368.047,12
709395.434,4085935.031,373.125,338.789,12
709395.595,4085932.384,324.102,271.914,12
709395.775,4085929.723,304.727,245.859,12
709395.982,4085927.076,333.672,274.375,12
709396.161,4085924.405,354.648,317.969,12
709396.304,4085921.769,349.727,327.695,12
709396.383,4085919.211,321.250,294.141,12
709396.326,4085916.603,298.906,257.734,12
709396.343,4085913.988,319.766,272.305,12
709396.575,4085911.357,351.641,307.461,12
709396.784,4085908.729,368.633,326.523,12
709396.879,4085906.062,374.648,342.109,12
709396.955,4085903.357,343.164,325.391,12
709397.000,4085900.664,316.406,297.617,12
709397.072,4085897.993,312.695,296.992,12
709397.171,4085895.407,332.969,299.766,12
709397.240,4085892.885,363.984,340.195,12
709397.413,4085890.346,371.406,339.375,12
709397.572,4085887.822,353.203,318.047,12
709397.627,4085885.178,354.844,307.852,12
709397.815,4085882.447,352.617,308.359,12
709397.967,4085879.766,327.422,293.906,12
709398.053,4085877.117,274.688,236.602,12
709398.067,4085874.584,244.805,201.445,12
709398.118,4085872.088,241.641,194.023,12
709398.282,4085869.596,262.617,215.508,12
709398.457,4085867.081,300.156,266.016,12
709398.576,4085864.400,314.883,287.969,12
709398.552,4085861.681,301.914,265.898,12
709398.530,4085859.023,281.367,244.258,12
709398.754,4085856.401,264.141,230.000,12
709399.043,4085853.832,260.430,225.547,12
709399.169,4085851.193,274.492,232.305,12
709399.022,4085848.609,262.266,222.891,12
709398.870,4085846.103,237.617,195.938,12
709399.012,4085843.584,210.000,168.945,12
709399.150,4085841.112,199.844,156.914,12
709399.193,4085838.695,195.195,155.117,12
709399.300,4085836.400,186.836,148.906,12
709399.408,4085834.105,175.313,139.883,12
709399.516,4085831.810,173.984,136.289,12
709399.619,4085829.516,183.008,145.156,12
709399.578,4085827.119,210.352,167.031,12
709399.568,4085824.740,248.672,194.531,12
709399.751,4085822.288,270.547,221.328,12
709399.806,4085819.808,271.953,223.477,12
709399.736,4085817.447,267.305,210.781,12
709399.852,4085815.095,251.211,195.977,12
709400.180,4085812.743,244.375,189.766,12
709400.421,4085810.378,246.875,194.531,12
709400.512,4085807.901,247.891,195.547,12
709400.763,4085805.454,260.938,207.773,12
709401.135,4085802.940,264.297,206.016,12
709401.324,4085800.342,266.484,209.297,12
709401.499,4085797.696,278.281,220.859,12
709401.669,4085795.077,287.227,228.633,12
709401.600,4085792.770,289.336,236.211,12
709401.647,4085790.788,267.578,224.258,12
709401.590,4085789.193,246.680,201.445,12
709401.572,4085787.552,223.555,181.680,12
709401.361,4085785.943,218.789,172.617,12
709400.726,4085784.475,229.805,179.023,12
709399.963,4085783.444,246.016,199.336,12
709374.977,4085783.326,199.570,166.016,13
709374.403,4085784.267,193.594,159.531,13
709374.184,4085784.983,196.563,159.688,13
709374.099,4085785.245,195.938,159.219,13
709373.665,4085788.748,184.922,151.172,13
709373.490,4085790.481,187.734,150.195,13
709373.229,4085792.386,196.953,162.578,13
709372.964,4085794.423,189.336,153.906,13
709372.847,4085796.533,178.125,148.281,13
709372.801,4085798.669,170.156,135.195,13
709372.703,4085800.871,156.758,124.180,13
709372.576,4085803.144,154.063,121.289,13
709372.453,4085805.339,156.602,120.820,13
709372.282,4085807.426,162.813,127.227,13
709372.196,4085809.415,168.086,132.422,13
709372.217,4085811.360,175.820,136.016,13
709372.359,4085813.369,189.063,141.406,13
709372.493,4085815.534,232.422,177.617,13
709372.423,4085817.797,279.648,240.430,13
709372.229,4085820.083,327.695,302.500,13
709372.063,4085822.408,360.195,333.125,13
709371.925,4085824.760,368.086,323.125,13
709371.844,4085827.166,383.828,307.227,13
709371.849,4085829.639,397.969,329.102,13
709371.823,4085832.117,403.438,335.156,13
709371.702,4085834.562,402.773,334.492,13
709371.558,4085836.944,405.469,332.188,13
709371.438,4085839.294,402.422,348.008,13
709371.363,4085841.653,404.023,340.820,13
709371.276,4085843.986,383.906,313.047,13
709371.147,4085846.251,384.336,304.219,13
709371.007,4085848.528,394.414,314.805,13
709370.815,4085850.987,403.398,318.711,13
709370.592,4085853.528,420.156,348.320,13
709370.392,4085856.019,414.453,353.711,13
709370.246,4085858.457,409.180,358.008,13
709370.162,4085860.862,402.031,334.883,13
709370.131,4085863.298,412.539,341.016,13
709370.094,4085865.771,423.984,343.086,13
709370.046,4085868.221,432.109,361.758,13
709370.025,4085870.606,431.680,365.000,13
709370.030,4085872.959,421.680,357.773,13
709370.062,4085875.387,427.656,367.813,13
709369.983,4085877.873,430.625,374.570,13
709369.802,4085880.434,421.523,369.297,13
709369.729,4085883.035,414.102,349.570,13
709369.738,4085885.579,405.039,336.016,13
709369.667,4085888.091,389.453,325.703,13
709369.491,4085890.495,370.938,313.594,13
709369.325,4085892.796,359.883,320.625,13
709369.271,4085895.067,336.406,309.453,13
709369.282,4085897.365,329.297,290.938,13
709369.174,4085899.700,321.250,273.477,13
709368.810,4085902.043,306.406,260.273,13
709368.357,4085904.422,299.531,263.672,13
709368.124,4085906.843,287.969,239.492,13
709368.066,4085909.220,260.273,214.492,13
709367.999,4085911.577,240.352,193.984,13
709367.885,4085913.957,240.664,210.938,13
709367.779,4085916.322,248.984,215.586,13
709367.777,4085918.638,252.227,203.672,13
709367.843,4085920.902,258.984,219.844,13
709367.889,4085923.190,273.984,230.938,13
709367.867,4085925.467,295.664,250.898,13
709367.818,4085927.629,308.672,266.367,13
709367.759,4085929.776,316.328,270.039,13
709367.676,4085931.955,300.313,271.289,13
709367.562,4085934.221,277.148,228.906,13
709367.426,4085936.570,250.000,197.266,13
709367.323,4085938.877,253.320,196.094,13
709367.246,4085941.177,260.664,207.422,13
709367.163,4085943.509,258.320,208.125,13
709367.059,4085945.855,254.922,198.633,13
709366.983,4085948.230,264.102,204.023,13
709366.948,4085950.607,282.852,224.844,13
709366.829,4085953.015,308.633,252.539,13
709366.576,4085955.504,335.273,274.922,13
709366.331,4085958.096,346.406,287.930,13
709366.169,4085960.714,356.055,296.602,13
709366.040,4085963.320,365.352,314.336,13
709365.974,4085965.925,373.789,316.484,13
709365.908,4085968.518,365.156,312.461,13
709365.780,4085971.104,347.070,331.875,13
709365.666,4085973.629,347.344,364.375,13
709365.603,4085976.029,354.414,310.273,13
709365.538,4085978.441,343.203,268.750,13
709365.405,4085980.946,350.508,289.063,13
709365.217,4085983.559,344.648,306.445,13
709365.126,4085986.239,339.258,313.906,13
709365.105,4085988.879,365.430,347.188,13
709365.067,4085991.511,362.148,418.047,13
709365.001,4085994.114,397.539,416.797,13
709364.864,4085996.666,412.539,403.633,13
709364.740,4085999.168,394.492,363.086,13
709364.673,4086001.631,367.148,316.641,13
709364.593,4086004.105,344.219,284.648,13
709364.469,4086006.638,336.133,278.125,13
709364.394,4086009.242,330.156,270.820,13
709364.276,4086011.911,347.422,290.625,13
709364.080,4086014.533,360.000,314.648,13
709363.861,4086017.136,322.930,279.141,13
709363.651,4086019.771,283.008,225.039,13
709363.547,4086022.377,270.273,208.242,13
709363.608,4086024.938,258.477,205.156,13
709363.728,4086027.477,246.133,200.000,13
709363.763,4086030.005,237.148,185.781,13
709363.794,4086032.486,226.250,172.930,13
709363.709,4086034.886,214.727,164.648,13
709363.356,4086037.305,212.266,160.469,13
709362.936,4086039.779,208.906,164.883,13
709362.646,4086042.323,212.656,170.000,13
709362.480,4086044.871,199.336,159.727,13
709362.441,4086047.379,198.789,155.703,13
709362.500,4086049.871,202.227,153.359,13
709362.427,4086052.363,211.055,157.305,13
709362.229,4086054.984,236.641,180.820,13
709362.118,4086057.691,256.563,196.875,13
709362.050,4086060.407,274.375,209.570,13
709361.948,4086063.142,277.422,210.977,13
709361.785,4086065.828,277.656,221.523,13
709361.557,4086068.495,246.094,199.805,13
709361.364,4086071.191,227.695,175.039,13
709361.289,4086073.943,235.039,185.039,13
709361.328,4086076.783,265.234,217.227,13
709361.342,4086079.628,274.883,241.523,13
709361.270,4086082.469,273.047,229.063,13
709361.223,4086085.318,279.727,227.734,13
709361.198,4086088.121,293.359,238.086,13
709361.054,4086090.776,292.852,244.766,13
709360.841,4086093.304,298.203,237.422,13
709360.625,4086095.803,284.492,241.172,13
709360.362,4086098.320,283.516,233.867,13
709360.239,4086100.901,291.992,260.859,13
709360.228,4086103.514,295.625,251.719,13
709360.222,4086106.118,289.023,231.953,13
709360.227,4086108.762,294.180,240.313,13
709360.192,4086111.442,294.570,262.617,13
709360.136,4086114.188,290.664,264.141,13
709360.046,4086117.016,293.320,239.023,13
709360.041,4086119.828,307.422,275.625,13
709360.098,4086122.648,340.039,323.867,13
709360.043,4086125.486,357.461,374.258,13
709359.875,4086128.333,362.383,375.938,13
709359.618,4086131.134,373.047,371.094,13
709359.351,4086133.822,367.656,357.969,13
709359.187,4086136.505,352.734,340.625,13
709359.074,4086139.130,336.602,323.398,13
709358.821,4086141.614,332.305,277.539,13
709358.521,4086144.146,324.297,263.633,13
709358.267,4086146.662,328.711,289.102,13
709358.042,4086149.248,346.836,307.188,13
709357.894,4086151.928,368.672,315.195,13
709357.827,4086154.583,380.039,309.297,13
709357.880,4086157.240,393.828,322.930,13
709357.897,4086159.806,399.766,341.875,13
709357.756,4086162.310,408.398,328.750,13
709357.468,4086164.822,407.383,326.563,13
709357.193,4086167.387,405.469,331.797,13
709357.118,4086170.061,411.133,336.953,13
709357.171,4086172.692,425.859,357.734,13
709357.164,4086175.323,469.570,458.750,13
709357.118,4086177.907,497.578,499.609,13
709357.065,4086180.399,504.102,460.938,13
709356.990,4086182.916,481.133,485.586,13
709356.904,4086185.378,484.570,511.992,13
709356.790,4086187.803,468.516,507.617,13
709356.691,4086190.232,413.984,460.664,13
709356.542,4086192.655,379.102,438.477,13
709356.270,4086195.106,383.125,443.398,13
709356.062,4086197.564,373.672,442.461,13
709355.975,4086200.049,380.781,444.922,13
709355.957,4086202.520,374.531,438.945,13
709355.908,4086204.953,401.836,448.750,13
709355.930,4086207.499,398.203,467.461,13
709355.903,4086210.045,398.711,477.578,13
709355.721,4086212.587,377.266,475.859,13
709355.336,4086215.124,355.977,417.617,13
709355.016,4086217.630,367.305,378.164,13
709354.943,4086220.144,368.594,400.391,13
709354.817,4086222.576,388.438,449.688,13
709354.729,4086224.967,389.297,450.664,13
709354.720,4086227.272,361.836,394.375,13
709354.714,4086229.523,352.227,406.680,13
709354.731,4086231.798,353.203,378.203,13
709354.619,4086234.106,340.430,359.023,13
709354.397,4086236.463,332.773,375.977,13
709354.182,4086238.771,364.844,409.883,13
709354.010,4086241.105,387.617,440.156,13
709353.913,4086243.561,383.555,464.023,13
709353.944,4086246.020,404.414,474.844,13
709353.964,4086248.472,415.391,472.773,13
709353.938,4086250.864,404.180,442.031,13
709353.928,4086253.180,391.367,448.281,13
709353.819,4086255.541,378.516,451.328,13
709353.587,4086257.847,383.242,454.453,13
709353.413,4086260.142,388.828,461.289,13
709353.414,4086262.512,377.617,453.164,13
709353.543,4086264.902,379.375,433.633,13
709353.573,4086267.312,382.539,445.547,13
709353.501,4086269.722,393.516,473.672,13
709353.480,4086272.079,406.016,460.313,13
709353.458,4086274.311,403.242,426.094,13
709353.461,4086276.479,387.852,393.438,13
709353.478,4086278.652,376.016,400.352,13
709353.467,4086280.913,344.336,356.563,13
709353.434,4086283.316,361.289,381.055,13
709353.292,4086285.808,362.578,386.602,13
709353.037,4086288.334,392.695,431.445,13
709352.801,4086290.919,400.117,450.234,13
709352.562,4086293.399,394.805,445.625,13
709352.329,4086295.814,394.805,424.922,13
709352.099,4086298.132,386.797,396.484,13
709352.002,4086300.351,389.570,396.563,13
709352.114,4086302.680,383.672,376.367,13
709352.144,4086304.950,361.172,347.305,13
709352.094,4086307.258,358.242,343.320,13
709351.983,4086309.623,367.852,348.672,13
709351.946,4086312.067,363.477,346.602,13
709351.951,4086314.549,352.578,324.688,13
709351.846,4086317.016,356.211,323.203,13
709351.764,4086319.540,371.680,327.656,13
709351.765,4086322.100,370.664,334.141,13
709351.645,4086324.657,362.109,333.594,13
709351.354,4086327.244,360.391,307.617,13
709350.891,4086329.591,345.039,311.680,13
709350.427,4086331.186,328.594,291.172,13
709350.063,4086332.502,318.281,265.781,13
709349.529,4086334.116,307.461,257.695,13
709348.629,4086335.758,309.766,263.594,13
709347.652,4086337.172,318.242,264.102,13
709346.815,4086338.291,326.953,262.500,13
709345.612,4086338.821,318.047,275.547,13
709344.184,4086338.811,313.516,275.508,13
709326.927,4086322.771,366.016,398.320,14
709327.130,4086320.698,372.148,362.617,14
709327.350,4086318.574,373.125,335.508,14
709327.576,4086316.396,344.375,321.523,14
709327.874,4086314.213,316.797,277.891,14
709328.192,4086312.006,302.578,244.180,14
709328.391,4086309.801,281.328,229.844,14
709328.435,4086307.693,263.555,201.523,14
709328.393,4086305.565,247.383,196.602,14
709328.284,4086303.326,242.148,185.313,14
709328.099,4086301.047,251.523,195.313,14
709327.947,4086298.735,267.578,209.609,14
709327.926,4086296.417,286.641,221.719,14
709328.070,4086294.053,307.813,251.367,14
709328.385,4086291.660,302.578,258.359,14
709328.731,4086289.261,298.320,236.914,14
709328.985,4086286.803,285.117,229.258,14
709329.141,4086284.284,282.539,218.047,14
709329.217,4086281.745,289.883,225.352,14
709329.257,4086279.295,295.156,234.648,14
709329.328,4086276.912,297.188,234.023,14
709329.441,4086274.558,294.180,232.578,14
709329.470,4086272.270,287.773,221.094,14
709329.357,4086269.978,293.008,226.328,14
709329.216,4086267.646,315.039,249.219,14
709329.127,4086265.324,343.477,283.594,14
709329.162,4086263.004,349.414,309.258,14
709329.340,4086260.666,345.273,351.563,14
709329.580,4086258.297,335.859,406.797,14
709329.807,4086255.951,328.633,381.953,14
709329.988,4086253.634,327.891,373.477,14
709330.099,4086251.324,329.297,390.117,14
709330.157,4086249.007,326.875,377.891,14
709330.216,4086246.660,328.398,356.328,14
709330.281,4086244.289,329.414,356.992,14
709330.354,4086241.948,335.352,360.508,14
709330.463,4086239.647,343.203,364.531,14
709330.550,4086237.391,342.188,364.648,14
709330.564,4086235.145,331.406,342.461,14
709330.583,4086232.878,331.797,367.930,14
709330.673,4086230.615,363.789,430.234,14
709330.876,4086228.300,361.641,437.500,14
709331.184,4086225.892,382.461,455.625,14
709331.544,4086223.378,381.758,446.523,14
709331.843,4086220.797,341.250,361.289,14
709331.997,4086218.218,310.703,284.766,14
709332.037,4086215.664,292.305,224.063,14
709331.975,4086213.132,288.828,221.797,14
709331.892,4086210.580,312.109,238.945,14
709331.903,4086207.990,331.250,282.266,14
709332.001,4086205.419,329.883,295.195,14
709332.133,4086202.838,313.398,285.234,14
709332.325,4086200.297,340.781,378.438,14
709332.639,4086197.790,321.055,364.883,14
709333.003,4086195.263,311.602,264.219,14
709333.275,4086192.683,306.602,245.000,14
709333.332,4086190.006,310.273,249.414,14
709333.209,4086187.317,315.352,249.922,14
709333.156,4086184.631,300.313,227.773,14
709333.174,4086181.882,323.867,254.023,14
709333.213,4086179.135,374.609,291.484,14
709333.357,4086176.387,425.859,341.133,14
709333.536,4086173.673,449.570,365.898,14
709333.629,4086171.017,465.938,387.578,14
709333.742,4086168.379,453.906,388.867,14
709333.960,4086165.733,431.992,361.680,14
709334.129,4086163.062,393.047,314.688,14
709334.205,4086160.419,365.938,288.828,14
709334.284,4086157.789,357.969,277.070,14
709334.428,4086155.139,357.500,283.438,14
709334.650,4086152.530,351.484,272.734,14
709334.853,4086149.887,353.672,281.250,14
709334.952,4086147.210,335.664,287.070,14
709334.949,4086144.524,317.227,254.492,14
709334.907,4086141.863,278.516,214.492,14
709334.868,4086139.294,249.727,186.211,14
709334.924,4086136.765,240.195,184.102,14
709335.097,4086134.225,248.320,189.297,14
709335.273,4086131.665,277.695,218.164,14
709335.457,4086129.156,273.438,223.516,14
709335.660,4086126.772,232.344,178.711,14
709335.788,4086124.321,199.141,148.594,14
709335.764,4086121.839,188.750,141.289,14
709335.680,4086119.373,188.594,143.008,14
709335.691,4086116.903,192.695,146.563,14
709335.794,4086114.438,201.719,152.461,14
709335.859,4086111.993,216.133,166.602,14
709335.921,4086109.571,236.914,178.867,14
709336.052,4086107.118,241.406,186.563,14
709336.239,4086104.633,231.250,174.883,14
709336.472,4086102.183,215.352,164.805,14
709336.684,4086099.673,206.211,156.133,14
709336.930,4086097.191,198.008,148.789,14
709337.321,4086094.768,198.672,148.594,14
709337.653,4086092.318,199.531,154.063,14
709337.680,4086089.910,192.188,149.063,14
709337.547,4086087.597,193.633,148.398,14
709337.459,4086085.326,196.797,146.914,14
709337.488,4086083.049,204.883,154.883,14
709337.517,4086080.705,216.680,164.219,14
709337.373,4086078.379,214.492,164.141,14
709337.259,4086076.127,203.438,154.180,14
709337.230,4086073.927,201.602,152.188,14
709337.221,4086071.731,209.375,164.883,14
709337.357,4086069.512,221.289,171.133,14
709337.629,4086067.290,228.242,176.445,14
709337.936,4086064.972,234.180,177.969,14
709338.202,4086062.577,233.203,174.336,14
709338.414,4086060.149,225.859,168.633,14
709338.568,4086057.618,232.227,174.805,14
709338.679,4086055.059,235.625,183.359,14
709338.777,4086052.519,232.461,181.094,14
709338.970,4086050.030,230.195,172.813,14
709339.205,4086047.566,234.375,174.180,14
709339.378,4086045.051,251.953,183.242,14
709339.492,4086042.525,266.172,195.313,14
709339.499,4086039.913,275.234,202.422,14
709339.492,4086037.290,278.438,208.672,14
709339.485,4086034.711,286.523,222.031,14
709339.455,4086032.104,267.695,207.852,14
709339.554,4086029.539,254.844,194.570,14
709339.732,4086026.950,261.602,193.516,14
709339.920,4086024.374,272.695,210.391,14
709340.116,4086021.761,266.523,202.539,14
709340.250,4086019.015,252.461,202.969,14
709340.267,4086016.294,243.125,184.492,14
709340.290,4086013.617,240.547,185.977,14
709340.405,4086010.999,231.992,182.227,14
709340.463,4086008.478,205.039,158.828,14
709340.569,4086005.967,201.133,155.820,14
709340.742,4086003.475,211.875,164.258,14
709340.859,4086000.927,227.109,181.172,14
709340.937,4085998.416,238.555,204.375,14
709341.029,4085995.971,247.813,202.656,14
709341.193,4085993.490,251.406,200.391,14
709341.457,4085991.029,239.453,185.898,14
709341.807,4085988.613,233.320,175.430,14
709342.119,4085986.206,235.430,180.977,14
709342.311,4085983.774,241.836,186.367,14
709342.541,4085981.300,250.742,195.273,14
709342.752,4085978.778,250.352,201.563,14
709342.782,4085976.157,234.609,184.922,14
709342.718,4085973.613,218.164,172.695,14
709342.713,4085971.198,203.125,159.219,14
709342.828,4085968.778,195.703,151.406,14
709343.004,4085966.424,200.195,154.023,14
709343.054,4085964.156,204.922,159.766,14
709342.954,4085962.009,203.086,156.094,14
709342.900,4085959.936,202.031,155.547,14
709342.898,4085957.750,199.609,156.680,14
709342.987,4085955.583,197.852,154.375,14
709343.218,4085953.512,197.617,153.320,14
709343.507,4085951.299,190.859,147.969,14
709343.602,4085948.901,178.789,138.359,14
709343.604,4085946.382,179.063,142.578,14
709343.821,4085943.824,178.438,143.281,14
709344.083,4085941.201,173.398,138.867,14
709344.265,4085938.580,176.328,143.594,14
709344.312,4085936.029,186.016,147.422,14
709344.287,4085933.497,221.211,168.242,14
709344.340,4085931.020,271.641,217.305,14
709344.408,4085928.538,318.828,269.922,14
709344.578,4085926.083,348.047,290.234,14
709344.777,4085923.795,349.023,291.680,14
709344.977,4085921.508,353.164,292.930,14
709345.177,4085919.237,353.477,291.016,14
709345.282,4085916.890,367.656,306.602,14
709345.289,4085914.420,383.945,319.141,14
709345.281,4085912.025,400.781,346.602,14
709345.282,4085909.578,398.320,349.336,14
709345.337,4085907.064,400.977,346.484,14
709345.463,4085904.527,387.109,360.430,14
709345.528,4085901.994,393.711,336.992,14
709345.572,4085899.500,380.781,319.844,14
709345.643,4085896.961,356.484,282.461,14
709345.789,4085894.438,345.625,270.938,14
709345.974,4085891.923,334.727,266.563,14
709345.986,4085889.309,332.695,269.297,14
709346.033,4085886.645,336.367,292.891,14
709346.227,4085883.955,309.805,270.391,14
709346.382,4085881.362,280.898,228.906,14
709346.493,4085878.781,256.133,199.609,14
709346.585,4085876.140,235.586,183.477,14
709346.588,4085873.506,222.227,170.898,14
709346.685,4085870.874,210.547,165.195,14
709346.910,4085868.291,192.813,149.570,14
709346.953,4085865.814,186.641,145.977,14
709346.936,4085863.447,189.531,151.211,14
709347.053,4085861.154,193.984,149.570,14
709347.316,4085858.756,195.703,156.484,14
709347.458,4085856.375,181.953,144.219,14
709347.444,4085854.009,181.523,141.953,14
709347.613,4085851.608,181.055,139.102,14
709347.883,4085849.174,188.633,144.922,14
709348.084,4085846.653,211.836,166.133,14
709348.219,4085844.217,245.078,188.047,14
709348.295,4085841.673,287.461,226.172,14
709348.374,4085839.041,318.008,259.219,14
709348.432,4085836.415,316.719,280.078,14
709348.428,4085833.776,268.203,235.820,14
709348.456,4085831.103,216.563,171.953,14
709348.599,4085828.417,196.055,154.531,14
709348.688,4085825.853,210.391,166.289,14
709348.699,4085823.280,208.672,163.945,14
709348.927,4085820.798,193.984,150.195,14
709349.148,4085818.399,198.164,151.680,14
709349.281,4085815.834,225.469,182.852,14
709349.564,4085813.269,231.328,193.750,14
709349.836,4085810.695,192.070,153.086,14
709349.989,4085808.088,170.273,136.406,14
709350.027,4085805.547,173.203,139.063,14
709349.996,4085803.057,203.750,158.477,14
709350.046,4085800.621,251.094,199.492,14
709350.241,4085798.171,293.516,241.094,14
709350.419,4085795.544,315.625,263.906,14
709350.714,4085792.866,326.328,268.906,14
709351.166,4085790.311,340.820,285.195,14
709351.380,4085787.904,345.625,294.570,14
709351.321,4085785.773,329.219,281.602,14
709350.984,4085784.001,289.219,249.141,14
709350.461,4085782.540,242.070,206.992,14
709350.140,4085781.132,202.813,169.727,14
709321.102,4085826.667,169.727,130.547,15
709320.767,4085828.801,169.805,132.031,15
709320.475,4085830.893,167.461,130.859,15
709320.230,4085832.961,156.641,123.398,15
709320.035,4085835.003,153.086,115.859,15
709319.844,4085837.090,152.500,118.828,15
709319.662,4085839.211,161.289,128.047,15
709319.493,4085841.344,166.797,133.711,15
709319.351,4085843.513,170.898,135.664,15
709319.206,4085845.735,177.031,139.141,15
709319.066,4085848.016,178.555,141.055,15
709318.899,4085850.259,176.133,142.266,15
709318.730,4085852.437,165.273,132.813,15
709318.606,4085854.552,157.773,121.055,15
709318.445,4085856.674,158.789,122.109,15
709318.300,4085858.870,157.227,123.359,15
709318.132,4085861.047,153.203,118.203,15
709317.791,4085863.224,153.203,123.711,15
709317.413,4085865.386,156.094,123.711,15
709317.157,4085867.475,159.883,126.563,15
709316.906,4085869.660,157.734,127.031,15
709316.675,4085872.005,157.539,123.750,15
709316.570,4085874.440,160.430,124.414,15
709316.786,4085876.794,159.336,123.633,15
709317.170,4085879.108,157.539,120.859,15
709317.400,4085881.451,159.102,124.766,15
709317.547,4085883.805,154.688,121.602,15
709317.686,4085886.110,161.406,125.039,15
709317.721,4085888.431,168.242,135.781,15
709317.662,4085890.813,173.125,141.758,15
709317.536,4085893.211,164.844,136.836,15
709317.436,4085895.515,149.570,123.633,15
709317.508,4085897.772,145.313,116.016,15
709317.621,4085900.087,148.555,118.398,15
709317.620,4085902.468,149.297,115.820,15
709317.587,4085905.008,154.727,115.859,15
709317.569,4085907.662,161.133,125.625,15
709317.413,4085910.266,156.445,123.867,15
709317.133,4085928.279,191.680,148.164,15
709316.943,4085930.682,204.219,159.375,15
709316.728,4085933.045,214.805,175.352,15
709316.627,4085935.375,232.148,190.117,15
709316.620,4085937.751,254.492,202.813,15
709316.624,4085940.252,278.438,222.734,15
709316.648,4085942.849,302.500,240.820,15
709316.619,4085945.462,316.250,249.492,15
709316.437,4085948.037,313.281,244.766,15
709316.212,4085950.547,306.953,237.930,15
709316.039,4085953.007,289.180,230.156,15
709315.887,4085955.335,253.750,192.461,15
709315.736,4085957.638,223.398,164.648,15
709315.540,4085959.993,221.367,159.531,15
709315.327,4085962.339,234.492,166.719,15
709315.162,4085964.707,272.852,201.680,15
709315.048,4085967.198,311.367,234.102,15
709315.026,4085969.758,345.469,274.609,15
709315.082,4085972.309,365.586,290.742,15
709315.133,4085974.827,364.648,289.961,15
709315.178,4085977.357,362.266,283.828,15
709315.216,4085979.968,355.977,277.422,15
709315.165,4085982.651,355.000,275.938,15
709314.987,4085985.325,354.688,282.500,15
709314.842,4085987.937,347.930,276.836,15
709314.830,4085990.542,351.992,286.016,15
709314.800,4085993.101,349.414,281.602,15
709314.661,4085995.588,346.602,281.875,15
709314.468,4085998.044,330.313,269.219,15
709314.416,4086000.430,308.047,245.898,15
709314.515,4086002.818,301.992,235.195,15
709314.522,4086005.344,300.625,235.117,15
709314.419,4086007.963,295.391,232.930,15
709314.240,4086010.538,287.344,221.367,15
709313.910,4086013.045,281.094,210.313,15
709313.485,4086015.576,271.719,207.070,15
709313.146,4086018.192,251.992,185.156,15
709312.933,4086020.817,256.133,191.875,15
709312.864,4086023.379,262.188,200.508,15
709312.922,4086025.874,233.945,172.422,15
709312.967,4086028.406,218.555,163.203,15
709312.929,4086031.074,198.242,146.875,15
709312.871,4086033.811,186.602,138.750,15
709312.868,4086036.590,181.133,136.172,15
709312.832,4086039.379,181.445,137.617,15
709312.760,4086042.225,187.344,143.711,15
709312.739,4086045.125,201.406,152.813,15
709312.663,4086047.931,220.547,170.820,15
709312.477,4086050.614,237.930,186.875,15
709312.121,4086053.256,230.000,177.500,15
709311.778,4086056.006,217.617,168.633,15
709311.733,4086058.803,219.102,160.977,15
709311.809,4086061.451,232.188,185.781,15
709311.845,4086064.016,235.625,193.398,15
709311.861,4086066.550,236.680,198.008,15
709311.795,4086069.135,241.445,202.109,15
709311.518,4086071.760,247.852,205.234,15
709311.297,4086074.290,243.477,200.547,15
709311.343,4086076.780,235.039,195.078,15
709311.361,4086079.240,229.141,189.492,15
709311.161,4086081.684,237.969,193.203,15
709311.029,4086084.263,250.547,204.141,15
709311.060,4086086.919,250.820,203.516,15
709311.019,4086089.603,236.719,190.469,15
709310.943,4086092.298,224.063,179.141,15
709310.988,4086094.922,234.141,183.242,15
709311.051,4086097.505,244.375,190.625,15
709310.906,4086100.094,262.031,210.664,15
709310.616,4086102.746,272.734,223.164,15
709310.413,4086105.470,274.727,224.766,15
709310.299,4086108.300,280.156,229.922,15
709310.096,4086111.203,271.484,217.188,15
709309.824,4086114.089,263.633,203.594,15
709309.594,4086116.916,251.328,198.047,15
709309.387,4086119.564,237.461,186.602,15
709309.270,4086122.066,227.188,177.656,15
709309.206,4086124.646,227.383,177.539,15
709309.097,4086127.283,232.422,179.688,15
709308.985,4086129.984,249.414,200.664,15
709308.952,4086132.707,265.391,204.258,15
709308.994,4086135.355,272.930,216.445,15
709308.981,4086138.014,280.586,222.461,15
709308.964,4086140.719,296.328,240.781,15
709308.946,4086143.456,304.727,246.992,15
709308.872,4086146.242,298.984,242.422,15
709308.786,4086149.151,286.563,230.977,15
709308.650,4086152.151,289.453,232.539,15
709308.582,4086155.006,328.203,263.984,15
709308.622,4086157.761,352.344,290.313,15
709308.672,4086160.452,363.828,297.773,15
709308.732,4086163.123,346.055,290.547,15
709308.790,4086165.886,300.664,236.758,15
709308.769,4086168.678,304.063,245.313,15
709308.583,4086171.381,344.805,280.000,15
709308.155,4086173.994,369.609,309.414,15
709307.832,4086176.684,380.117,310.664,15
709307.795,4086179.454,387.969,318.555,15
709307.796,4086182.084,409.180,345.156,15
709307.642,4086184.669,437.969,382.813,15
709307.340,4086187.308,436.328,377.734,15
709307.101,4086190.052,433.008,373.750,15
709306.981,4086192.976,463.945,402.461,15
709307.038,4086195.890,453.945,395.547,15
709307.181,4086198.725,422.109,374.023,15
709307.210,4086201.562,359.766,313.789,15
709307.142,4086204.455,302.422,265.195,15
709307.116,4086207.400,288.242,246.172,15
709306.977,4086210.282,288.672,239.727,15
709306.749,4086213.121,289.570,235.703,15
709306.530,4086215.873,291.094,242.188,15
709306.404,4086218.537,293.945,243.164,15
709306.337,4086221.323,274.414,227.305,15
709306.295,4086224.193,271.133,230.469,15
709306.388,4086227.094,282.656,238.516,15
709306.435,4086229.935,273.711,226.328,15
709306.302,4086232.615,264.688,229.258,15
709306.194,4086235.285,249.805,210.078,15
709306.110,4086237.970,257.422,207.969,15
709305.873,4086240.735,260.117,228.359,15
709305.706,4086243.439,265.391,220.117,15
709305.673,4086245.975,256.367,216.445,15
709305.681,4086248.611,268.398,213.008,15
709305.649,4086251.260,300.156,264.531,15
709305.604,4086253.861,324.688,312.422,15
709305.572,4086256.449,312.617,296.484,15
709305.521,4086259.135,310.898,302.539,15
709305.517,4086261.860,324.141,320.703,15
709305.462,4086264.518,315.977,303.555,15
709305.284,4086267.227,314.414,299.063,15
709305.098,4086269.963,320.078,300.664,15
709304.994,4086272.662,326.719,302.461,15
709304.795,4086275.515,332.148,305.938,15
709304.635,4086278.377,351.289,329.258,15
709304.563,4086281.261,357.773,332.266,15
709304.477,4086284.169,360.703,332.383,15
709304.287,4086287.009,347.461,322.813,15
709304.053,4086289.846,346.484,322.031,15
709303.869,4086292.702,351.758,324.961,15
709303.681,4086295.573,339.844,315.859,15
709303.490,4086298.360,335.703,300.898,15
709303.287,4086301.195,336.484,295.977,15
709303.056,4086304.081,333.281,291.289,15
709302.825,4086306.850,323.203,275.469,15
709302.727,4086309.511,329.063,275.820,15
709302.655,4086312.204,322.695,279.570,15
709302.534,4086314.912,307.773,261.484,15
709302.436,4086317.750,312.852,268.438,15
709302.237,4086320.576,320.898,261.406,15
709301.901,4086323.224,338.086,287.266,15
709301.541,4086325.560,334.453,277.617,15
709301.254,4086327.817,330.000,267.656,15
709300.893,4086330.029,326.133,265.664,15
709300.209,4086332.063,335.977,280.391,15
709298.992,4086333.699,356.484,313.672,15
709297.591,4086334.285,369.766,330.195,15
709274.988,4086323.500,297.461,253.555,16
709275.167,4086321.867,299.414,250.742,16
709275.313,4086320.128,305.898,255.000,16
709275.532,4086318.249,303.945,251.641,16
709275.724,4086316.200,292.891,241.211,16
709275.813,4086314.049,288.594,236.094,16
709275.860,4086311.898,289.727,250.117,16
709275.991,4086309.731,285.703,256.523,16
709276.158,4086307.580,290.078,249.375,16
709276.210,4086305.301,289.102,248.594,16
709276.236,4086302.976,280.977,226.406,16
709276.402,4086300.639,288.789,235.195,16
709276.692,4086298.196,287.188,242.188,16
709276.948,4086295.784,288.047,241.563,16
709277.051,4086293.349,296.992,251.758,16
709277.005,4086290.920,303.984,256.563,16
709276.926,4086288.575,310.352,273.438,16
709277.023,4086286.171,314.023,275.352,16
709277.336,4086283.740,312.930,271.172,16
709277.628,4086281.221,303.633,258.789,16
709277.816,4086278.667,301.445,262.617,16
709277.861,4086276.171,310.547,266.992,16
709277.811,4086273.661,323.516,281.563,16
709277.737,4086271.173,326.250,295.156,16
709277.668,4086268.775,348.516,323.906,16
709277.695,4086266.417,342.383,312.383,16
709277.722,4086264.025,333.555,300.820,16
709277.790,4086261.541,333.242,297.422,16
709277.917,4086259.016,322.148,282.188,16
709278.032,4086256.518,330.313,286.328,16
709278.117,4086254.021,334.063,285.664,16
709278.188,4086251.548,332.617,280.703,16
709278.328,4086249.010,328.633,264.414,16
709278.619,4086246.502,318.789,263.242,16
709278.874,4086244.010,312.695,260.313,16
709279.122,4086241.573,315.195,277.227,16
709279.301,4086239.204,304.805,276.953,16
709279.276,4086236.749,290.859,265.586,16
709279.221,4086234.246,287.227,255.820,16
709279.261,4086231.623,289.648,257.969,16
709279.263,4086228.929,295.977,240.508,16
709279.214,4086226.280,304.453,232.422,16
709279.257,4086223.560,301.406,225.820,16
709279.386,4086220.904,305.273,231.680,16
709279.561,4086218.240,297.266,230.078,16
709279.669,4086215.589,284.063,218.281,16
709279.643,4086212.900,277.734,215.039,16
709279.628,4086210.017,282.969,226.758,16
709279.674,4086207.128,293.164,233.906,16
709279.876,4086204.271,290.742,223.477,16
709280.135,4086201.529,286.758,217.617,16
709280.275,4086198.903,293.789,226.094,16
709280.416,4086196.168,288.750,223.594,16
709280.520,4086193.525,291.328,222.383,16
709280.701,4086190.929,337.695,267.227,16
709280.939,4086188.314,400.781,335.273,16
709281.074,4086185.771,423.359,347.773,16
709281.172,4086183.180,430.625,349.531,16
709281.249,4086180.570,428.789,349.063,16
709281.394,4086177.940,438.672,363.398,16
709281.724,4086175.369,451.211,377.852,16
709282.153,4086172.916,458.281,394.336,16
709282.375,4086170.458,431.953,363.438,16
709282.339,4086168.029,450.039,385.234,16
709282.219,4086165.655,455.898,392.148,16
709282.274,4086163.332,441.914,376.875,16
709282.400,4086160.950,419.180,348.711,16
709282.371,4086158.465,416.992,342.656,16
709282.413,4086156.083,409.570,346.719,16
709282.668,4086153.749,395.547,325.742,16
709282.913,4086151.404,377.695,309.297,16
709282.862,4086148.934,362.930,296.055,16
709282.573,4086146.375,369.492,308.438,16
709282.453,4086143.925,363.672,305.313,16
709282.561,4086141.437,349.961,298.398,16
709282.746,4086138.944,321.211,271.445,16
709283.055,4086136.436,295.078,235.117,16
709283.315,4086133.846,293.594,233.516,16
709283.434,4086131.303,290.117,240.273,16
709283.498,4086128.916,282.188,219.453,16
709283.653,4086126.545,253.281,195.430,16
709283.931,4086124.203,236.016,180.078,16
709284.135,4086121.860,232.305,188.477,16
709284.202,4086119.572,210.703,169.961,16
709284.165,4086117.316,198.750,154.766,16
709284.071,4086115.111,201.445,156.094,16
709283.982,4086112.906,203.516,159.688,16
709283.864,4086110.482,209.258,158.789,16
709283.904,4086107.882,240.430,185.664,16
709284.134,4086105.217,267.266,212.813,16
709284.429,4086102.570,268.008,211.953,16
709284.763,4086099.992,254.766,198.711,16
709284.923,4086097.343,241.484,187.852,16
709285.070,4086094.702,238.438,189.961,16
709285.332,4086092.069,241.094,186.289,16
709285.584,4086089.479,235.625,186.094,16
709285.813,4086086.962,222.656,179.766,16
709286.007,4086084.413,214.336,170.234,16
709286.090,4086081.854,201.289,165.547,16
709286.137,4086079.288,191.641,153.477,16
709286.245,4086076.768,194.180,154.336,16
709286.394,4086074.302,197.070,161.563,16
709286.410,4086071.848,197.148,160.742,16
709286.411,4086069.461,196.992,162.383,16
709286.421,4086067.121,199.531,167.617,16
709286.353,4086064.748,198.477,168.906,16
709286.337,4086062.345,191.992,158.008,16
709286.393,4086059.913,194.844,158.164,16
709286.477,4086057.514,207.070,166.602,16
709286.683,4086055.081,216.484,173.516,16
709286.990,4086052.621,228.516,188.477,16
709287.175,4086050.166,229.883,184.922,16
709287.244,4086047.655,235.352,195.898,16
709287.346,4086045.118,239.180,205.352,16
709287.447,4086042.552,232.930,198.672,16
709287.521,4086040.018,230.000,188.750,16
709287.641,4086037.611,225.977,176.563,16
709287.805,4086035.210,221.055,172.969,16
709288.004,4086032.771,215.586,163.789,16
709288.209,4086030.293,213.633,166.484,16
709288.387,4086027.811,223.438,177.539,16
709288.535,4086025.418,231.563,188.789,16
709288.724,4086023.049,239.258,191.211,16
709288.888,4086020.673,260.820,207.969,16
709288.979,4086018.332,297.852,260.586,16
709289.030,4086016.092,310.391,273.711,16
709289.031,4086013.885,304.414,262.109,16
709288.999,4086011.602,285.000,243.633,16
709289.018,4086009.286,274.922,226.953,16
709289.132,4086006.995,270.391,213.594,16
709289.325,4086004.679,273.633,212.695,16
709289.561,4086002.334,273.438,214.844,16
709289.738,4085999.885,249.023,213.281,16
709289.820,4085997.375,246.211,200.742,16
709289.947,4085994.912,245.977,202.227,16
709290.159,4085992.534,243.320,197.813,16
709290.214,4085990.232,244.844,197.852,16
709290.033,4085987.862,272.344,216.445,16
709289.900,4085985.535,296.406,243.125,16
709289.953,4085983.174,302.383,239.922,16
709290.003,4085980.726,308.516,241.289,16
709290.107,4085978.266,325.547,258.594,16
709290.348,4085975.798,334.258,269.297,16
709290.650,4085973.406,340.391,274.609,16
709290.995,4085971.053,336.992,274.805,16
709291.225,4085968.718,308.125,252.188,16
709291.195,4085966.454,293.789,239.336,16
709291.089,4085964.226,276.172,225.820,16
709291.052,4085962.043,275.742,226.992,16
709290.999,4085959.769,268.477,222.852,16
709290.807,4085957.409,267.070,218.867,16
709290.643,4085955.109,252.734,211.016,16
709290.815,4085952.774,234.492,182.773,16
709291.076,4085950.355,220.352,169.063,16
709291.110,4085947.892,212.891,162.969,16
709291.034,4085945.417,198.945,155.586,16
709291.030,4085942.990,179.492,148.906,16
709291.305,4085940.634,163.750,137.617,16
709291.684,4085938.323,153.203,129.180,16
709292.003,4085935.995,150.313,126.289,16
709292.271,4085933.644,146.563,123.984,16
709292.428,4085931.293,136.875,109.961,16
709292.512,4085928.867,133.672,107.070,16
709292.603,4085926.415,132.578,106.992,16
709292.714,4085923.990,136.523,109.961,16
709292.787,4085921.523,144.023,122.813,16
709292.819,4085919.097,152.969,127.070,16
709292.881,4085916.698,164.492,143.789,16
709293.008,4085914.260,178.047,158.281,16
709293.229,4085911.765,183.672,158.242,16
709293.452,4085909.241,183.906,156.758,16
709293.646,4085906.792,177.578,154.570,16
709293.884,4085904.386,166.602,149.922,16
709294.036,4085901.945,155.352,144.063,16
709294.062,4085899.490,156.602,140.195,16
709293.983,4085897.027,156.563,145.273,16
709293.853,4085894.504,161.172,150.820,16
709293.840,4085891.839,159.336,140.273,16
709293.952,4085889.100,165.117,140.039,16
709294.090,4085886.366,178.672,155.234,16
709294.310,4085883.641,176.328,146.836,16
709294.570,4085880.962,175.156,148.945,16
709294.855,4085878.280,176.016,148.516,16
709295.160,4085875.616,186.016,161.875,16
709295.354,4085873.439,185.742,170.000,16
709295.484,4085871.909,186.719,164.648,16
709295.645,4085870.499,174.609,155.430,16
709295.766,4085868.889,167.227,152.070,16
709295.749,4085867.080,162.383,145.977,16
709295.610,4085865.124,166.289,147.148,16
709295.513,4085863.053,179.688,164.961,16
709295.564,4085860.921,185.781,167.773,16
709295.607,4085858.655,186.563,158.398,16
709295.529,4085856.259,179.414,150.664,16
709295.547,4085853.898,170.430,141.953,16
709295.741,4085851.609,165.820,138.281,16
709295.959,4085849.370,164.375,135.938,16
709296.139,4085847.149,169.648,139.023,16
709296.220,4085844.988,181.680,152.891,16
709296.165,4085842.830,193.633,161.094,16
709296.025,4085840.646,203.711,168.008,16
709295.924,4085838.473,203.672,169.219,16
709295.922,4085836.234,201.367,178.008,16
709295.967,4085833.953,195.508,163.672,16
709295.971,4085831.696,182.148,156.445,16
709295.992,4085829.435,170.859,136.094,16
709296.180,4085827.165,162.813,128.945,16
709296.529,4085824.848,172.422,132.930,16
709296.924,4085822.467,195.898,148.867,16
709297.260,4085820.017,242.773,192.188,16
709297.520,4085817.548,272.227,232.656,16
709297.697,4085815.164,273.281,230.859,16
709297.817,4085812.815,285.898,250.117,16
709297.982,4085810.426,298.711,261.875,16
709298.149,4085808.006,307.070,272.852,16
709298.167,4085805.573,319.922,287.695,16
709298.025,4085803.188,317.500,275.078,16
709297.909,4085800.846,308.750,270.508,16
709297.946,4085798.512,288.672,252.148,16
709298.044,4085796.152,278.398,246.289,16
709298.138,4085793.761,271.719,233.750,16
709298.254,4085791.340,255.469,210.039,16
709298.265,4085788.982,245.156,193.633,16
709298.163,4085786.663,248.945,201.289,16
709298.118,4085784.322,252.148,202.383,16
709298.119,4085782.189,248.711,198.008,16
709298.007,4085780.421,245.898,191.875,16
709274.797,4085785.031,297.109,246.680,17
709274.938,4085786.900,274.805,222.031,17
709275.155,4085788.838,256.406,202.773,17
709275.218,4085790.815,248.984,198.594,17
709275.150,4085792.784,240.273,195.625,17
709274.982,4085794.759,217.031,176.797,17
709274.812,4085796.733,200.352,164.805,17
709274.685,4085798.715,192.969,155.156,17
709274.425,4085800.637,188.477,151.523,17
709274.041,4085802.471,184.883,146.328,17
709273.612,4085804.463,177.773,142.109,17
709273.229,4085806.740,168.125,132.813,17
709273.057,4085809.242,165.078,129.141,17
709273.116,4085811.875,159.688,126.445,17
709273.240,4085814.582,155.703,124.023,17
709273.187,4085817.213,143.984,114.180,17
709273.011,4085819.820,145.625,114.297,17
709272.802,4085822.395,174.727,143.672,17
709272.585,4085824.871,191.563,159.414,17
709272.480,4085827.390,189.258,158.516,17
709272.301,4085829.876,192.188,159.531,17
709272.076,4085832.318,193.008,160.586,17
709271.954,4085834.858,190.117,155.547,17
709271.837,4085837.419,196.719,161.289,17
709271.752,4085840.037,194.063,158.242,17
709271.656,4085842.668,194.258,157.773,17
709271.557,4085845.329,195.781,161.445,17
709271.498,4085848.016,183.438,145.391,17
709271.455,4085850.632,177.227,137.930,17
709271.275,4085853.232,180.078,140.156,17
709271.024,4085855.847,172.813,129.531,17
709270.868,4085858.530,158.984,119.922,17
709270.850,4085861.186,143.438,107.656,17
709270.888,4085863.745,140.547,104.297,17
709270.880,4085866.378,139.570,105.742,17
709270.877,4085869.060,144.336,108.906,17
709270.930,4085871.819,161.328,122.813,17
709270.869,4085874.633,157.852,123.281,17
709270.694,4085877.507,149.688,118.359,17
709270.224,4085880.489,145.469,120.313,17
709266.459,4085911.055,126.289,107.969,17
709266.963,4085913.082,122.617,106.719,17
709267.379,4085915.174,130.508,111.914,17
709267.675,4085917.284,127.383,110.156,17
709267.795,4085919.479,127.422,112.500,17
709267.756,4085921.718,129.492,109.531,17
709267.777,4085924.000,130.508,111.758,17
709267.937,4085926.315,139.492,118.438,17
709268.047,4085928.605,156.914,133.711,17
709268.040,4085930.981,200.430,164.531,17
709267.995,4085933.444,263.984,230.703,17
709267.859,4085935.953,295.039,266.055,17
709267.631,4085938.496,263.008,226.094,17
709267.443,4085941.059,221.406,185.664,17
709267.303,4085943.651,193.281,160.977,17
709267.262,4085946.225,192.109,155.039,17
709267.246,4085948.717,201.445,170.156,17
709267.049,4085951.198,216.563,178.633,17
709266.837,4085953.700,243.320,188.203,17
709266.722,4085956.238,257.773,198.906,17
709266.578,4085958.748,265.391,217.031,17
709266.408,4085961.292,277.422,232.578,17
709266.302,4085963.870,262.813,223.555,17
709266.288,4085966.442,262.422,222.539,17
709266.272,4085969.026,280.430,237.383,17
709266.086,4085971.567,290.234,243.398,17
709265.792,4085974.083,273.867,231.992,17
709265.681,4085976.614,241.367,190.508,17
709265.683,4085979.123,229.609,174.609,17
709265.610,4085981.667,242.266,186.016,17
709265.574,4085984.244,263.203,215.742,17
709265.549,4085986.769,279.336,233.477,17
709265.424,4085989.237,316.523,259.375,17
709265.326,4085991.704,340.273,280.859,17
709265.205,4085994.265,349.180,293.398,17
709265.000,4085996.820,356.914,291.680,17
709264.870,4085999.324,356.797,296.836,17
709264.736,4086001.823,327.695,276.328,17
709264.547,4086004.325,256.445,217.500,17
709264.399,4086006.908,220.703,178.203,17
709264.311,4086009.519,243.203,198.477,17
709264.230,4086012.133,277.461,223.438,17
709264.174,4086014.747,292.930,232.773,17
709264.154,4086017.324,301.250,245.781,17
709264.039,4086019.916,295.508,239.414,17
709263.773,4086022.474,281.680,233.867,17
709263.546,4086024.938,280.820,227.852,17
709263.481,4086027.373,308.047,263.516,17
709263.526,4086029.841,308.711,255.586,17
709263.545,4086032.419,299.258,237.500,17
709263.441,4086035.075,296.680,226.914,17
709263.270,4086037.752,294.102,226.719,17
709263.173,4086040.400,260.625,193.477,17
709263.123,4086042.944,243.242,178.867,17
709262.940,4086045.500,247.617,179.883,17
709262.744,4086048.073,251.563,185.898,17
709262.622,4086050.546,249.727,187.773,17
709262.490,4086053.001,253.242,195.352,17
709262.389,4086055.496,269.023,226.953,17
709262.319,4086058.032,256.992,207.656,17
709262.240,4086060.617,248.750,203.477,17
709262.120,4086063.304,255.469,220.820,17
709261.986,4086066.051,252.773,209.414,17
709261.887,4086068.760,240.078,192.109,17
709261.794,4086071.492,230.039,206.094,17
709261.646,4086074.231,220.938,233.828,17
709261.452,4086076.901,211.055,211.914,17
709261.317,4086079.568,224.609,200.234,17
709261.258,4086082.242,226.172,217.031,17
709261.210,4086084.952,237.578,228.242,17
709261.147,4086087.637,205.313,209.492,17
709261.008,4086090.241,192.109,210.703,17
709260.829,4086092.800,191.875,200.039,17
709260.732,4086095.345,202.773,171.914,17
709260.679,4086097.883,204.570,166.563,17
709260.549,4086100.366,199.063,158.633,17
709260.308,4086102.784,198.125,152.891,17
709260.044,4086105.192,206.250,158.203,17
709259.825,4086107.647,226.055,175.078,17
709259.694,4086110.243,250.234,194.063,17
709259.690,4086112.914,273.125,216.055,17
709259.719,4086115.531,288.516,231.719,17
709259.647,4086118.087,263.789,213.398,17
709259.507,4086120.609,233.477,180.508,17
709259.421,4086123.120,219.023,161.211,17
709259.325,4086125.577,220.000,162.813,17
709259.171,4086127.981,224.180,170.586,17
709259.055,4086130.420,229.336,168.477,17
709258.984,4086132.924,250.625,181.250,17
709258.910,4086135.541,287.070,213.398,17
709258.803,4086138.267,315.820,244.297,17
709258.668,4086141.025,326.680,251.797,17
709258.568,4086143.832,347.344,271.758,17
709258.480,4086146.685,360.664,278.320,17
709258.350,4086149.582,371.875,283.125,17
709258.214,4086152.428,375.430,287.617,17
709258.121,4086155.092,354.961,275.703,17
709258.076,4086157.569,331.289,253.086,17
709258.017,4086160.057,322.188,247.109,17
709257.926,4086162.687,316.484,229.375,17
709257.767,4086165.455,379.414,292.891,17
709257.586,4086168.299,426.328,338.125,17
709257.434,4086171.176,433.906,345.742,17
709257.260,4086173.990,441.719,351.250,17
709257.112,4086176.750,453.086,362.383,17
709257.007,4086179.397,443.438,348.906,17
709256.911,4086181.895,413.711,329.414,17
709256.913,4086184.360,360.352,292.031,17
709257.015,4086186.722,296.484,221.836,17
709257.084,4086189.011,272.695,209.531,17
709256.969,4086191.406,287.617,229.883,17
709256.734,4086193.831,290.000,245.430,17
709256.576,4086196.260,299.219,257.070,17
709256.482,4086198.658,316.016,263.984,17
709256.395,4086201.043,311.758,264.492,17
709256.378,4086203.477,311.094,248.789,17
709256.422,4086205.886,358.164,336.563,17
709256.388,4086208.201,378.789,365.195,17
709256.278,4086210.405,364.609,372.031,17
709256.176,4086212.646,346.523,371.016,17
709256.169,4086215.005,346.953,377.852,17
709256.226,4086217.409,321.836,351.563,17
709256.172,4086219.807,327.188,343.359,17
709255.899,4086222.142,311.797,338.438,17
709255.497,4086224.429,325.625,339.766,17
709255.166,4086226.753,338.438,327.422,17
709254.973,4086229.048,321.367,306.094,17
709254.864,4086231.320,324.727,266.133,17
709254.729,4086233.632,321.797,273.320,17
709254.551,4086235.959,318.750,255.742,17
709254.415,4086238.275,320.117,259.688,17
709254.340,4086240.600,317.188,249.844,17
709254.313,4086242.929,310.039,240.547,17
709254.239,4086245.228,313.555,237.031,17
709254.117,4086247.592,344.570,261.758,17
709254.045,4086250.054,383.672,354.414,17
709253.999,4086252.512,425.586,420.078,17
709253.821,4086254.938,410.977,422.148,17
709253.531,4086257.383,385.781,386.172,17
709253.347,4086259.844,369.844,371.289,17
709253.244,4086262.220,362.539,363.555,17
709253.137,4086264.476,371.172,374.336,17
709253.094,4086266.715,371.836,366.406,17
709253.094,4086268.943,375.781,351.016,17
709253.080,4086271.191,386.797,370.273,17
709253.052,4086273.490,394.492,398.008,17
709252.970,4086275.813,400.742,398.789,17
709252.826,4086278.170,401.758,407.383,17
709252.695,4086280.503,418.320,422.656,17
709252.616,4086282.833,417.070,422.891,17
709252.624,4086285.247,413.555,421.680,17
709252.657,4086287.626,419.766,422.344,17
709252.547,4086289.904,407.852,417.539,17
709252.285,4086292.102,406.680,410.703,17
709252.127,4086294.182,399.219,409.609,17
709252.124,4086295.890,371.836,377.344,17
709252.012,4086297.450,340.742,345.508,17
709251.725,4086299.327,321.133,303.008,17
709251.470,4086301.454,303.984,275.195,17
709251.357,4086303.724,296.992,249.531,17
709251.297,4086306.137,296.836,234.023,17
709251.338,4086308.556,283.945,221.523,17
709251.511,4086310.903,260.781,198.125,17
709251.595,4086313.127,251.680,185.703,17
709251.420,4086315.307,252.188,183.008,17
709251.146,4086317.580,258.477,186.641,17
709250.915,4086319.857,276.836,200.000,17
709250.676,4086321.986,304.063,230.039,17
709250.346,4086323.676,310.352,235.391,17
709249.855,4086325.070,307.813,233.867,17
709249.153,4086326.509,300.234,222.695,17
709248.316,4086327.701,284.844,214.141,17
709247.468,4086328.699,266.797,198.867,17
709246.604,4086329.556,267.266,195.664,17
709245.604,4086330.017,288.516,211.641,17
709225.151,4086322.646,302.344,292.500,18
709225.414,4086320.834,319.727,336.953,18
709225.833,4086318.848,329.648,337.578,18
709226.199,4086316.694,342.227,340.117,18
709226.535,4086314.523,331.367,331.250,18
709226.851,4086312.380,296.172,284.297,18
709227.171,4086310.230,314.648,256.328,18
709227.432,4086308.110,313.906,241.602,18
709227.514,4086305.980,329.766,249.219,18
709227.454,4086303.865,334.805,263.320,18
709227.282,4086301.816,345.234,273.008,18
709227.177,4086299.743,346.914,284.063,18
709227.231,4086297.650,329.023,282.227,18
709227.318,4086295.595,319.688,239.688,18
709227.405,4086293.528,290.703,211.992,18
709227.524,4086291.413,269.219,189.102,18
709227.605,4086289.165,256.016,179.453,18
709227.642,4086286.891,260.117,181.250,18
709227.729,4086284.653,272.070,194.688,18
709227.809,4086282.358,287.578,210.313,18
709227.966,4086280.112,279.492,209.570,18
709228.174,4086277.706,255.078,208.281,18
709228.339,4086275.356,275.430,208.555,18
709228.523,4086273.209,282.188,224.961,18
709228.701,4086271.118,272.773,234.609,18
709228.798,4086269.068,252.500,217.656,18
709228.745,4086266.870,241.992,194.805,18
709228.614,4086264.623,260.156,201.484,18
709228.556,4086262.296,279.883,211.875,18
709228.620,4086259.945,301.094,245.547,18
709228.767,4086257.579,297.695,247.422,18
709229.048,4086255.203,288.242,242.891,18
709229.246,4086252.894,280.977,247.813,18
709229.324,4086250.602,267.578,237.891,18
709229.321,4086248.340,273.633,229.141,18
709229.342,4086246.068,273.828,228.203,18
709229.419,4086243.700,266.602,245.742,18
709229.424,4086241.310,282.891,235.273,18
709229.375,4086238.936,302.383,284.102,18
709229.323,4086236.605,317.813,285.625,18
709229.373,4086234.327,297.031,255.195,18
709229.536,4086231.983,292.539,278.086,18
709229.762,4086229.650,288.516,305.273,18
709229.895,4086227.434,277.539,278.828,18
709229.913,4086225.390,250.117,251.719,18
709229.933,4086223.397,235.117,177.461,18
709230.004,4086221.272,211.563,148.516,18
709230.181,4086219.190,207.422,148.633,18
709230.392,4086217.181,211.172,146.875,18
709230.587,4086215.081,225.547,158.086,18
709230.735,4086212.908,241.367,170.273,18
709230.832,4086210.638,256.641,181.953,18
709230.956,4086208.297,267.227,194.531,18
709231.108,4086205.930,267.617,199.570,18
709231.095,4086203.586,255.117,195.039,18
709231.013,4086201.328,242.930,175.938,18
709231.054,4086199.084,224.766,157.305,18
709231.089,4086196.813,221.055,153.672,18
709231.143,4086194.585,233.125,164.258,18
709231.332,4086192.463,237.461,165.508,18
709231.556,4086190.353,241.719,166.406,18
709231.731,4086188.161,256.133,175.430,18
709231.934,4086185.974,271.953,198.906,18
709232.242,4086183.846,267.695,199.531,18
709232.336,4086181.825,256.680,182.344,18
709232.237,4086179.827,255.898,177.852,18
709232.238,4086177.610,260.820,183.047,18
709232.328,4086175.288,265.469,186.719,18
709232.445,4086173.011,269.961,194.961,18
709232.555,4086170.737,266.914,198.477,18
709232.580,4086168.498,237.891,177.227,18
709232.600,4086166.341,211.563,151.641,18
709232.673,4086164.231,192.344,135.781,18
709232.778,4086162.156,185.508,130.703,18
709232.871,4086160.108,180.859,125.664,18
709232.962,4086158.063,184.609,128.008,18
709233.159,4086156.000,194.805,135.547,18
709233.333,4086153.896,200.039,138.477,18
709233.295,4086151.743,203.750,142.500,18
709233.097,4086149.540,198.906,139.727,18
709232.962,4086147.340,190.039,135.664,18
709232.907,4086145.138,190.781,136.680,18
709232.889,4086143.025,194.570,140.195,18
709232.917,4086140.978,193.203,139.180,18
709232.915,4086138.929,190.195,135.313,18
709232.924,4086136.872,201.445,143.633,18
709232.941,4086134.740,211.484,153.359,18
709233.009,4086132.585,230.391,167.734,18
709233.220,4086130.368,259.180,183.633,18
709233.414,4086128.049,283.477,214.375,18
709233.573,4086125.648,270.820,197.539,18
709233.778,4086123.231,249.180,181.602,18
709233.918,4086120.921,235.039,174.766,18
709234.081,4086118.787,216.680,164.727,18
709234.381,4086116.787,199.922,150.391,18
709234.687,4086114.768,181.563,133.711,18
709234.895,4086112.704,168.672,128.086,18
709235.023,4086110.587,168.047,124.648,18
709235.101,4086108.405,173.125,124.922,18
709235.140,4086106.238,185.625,134.727,18
709235.105,4086104.073,190.781,139.492,18
709235.096,4086101.875,192.695,135.938,18
709235.198,4086099.737,194.219,139.023,18
709235.284,4086097.648,196.484,138.750,18
709235.325,4086095.582,191.680,135.195,18
709235.373,4086093.629,184.414,130.938,18
709235.402,4086091.713,174.453,124.141,18
709235.336,4086089.735,178.984,125.117,18
709235.266,4086087.677,187.461,130.117,18
709235.303,4086085.584,195.195,136.953,18
709235.427,4086083.527,201.445,142.148,18
709235.562,4086081.411,205.703,144.883,18
709235.683,4086079.274,207.500,146.602,18
709235.913,4086077.227,207.930,148.438,18
709236.245,4086075.216,206.836,147.266,18
709236.504,4086073.134,208.359,148.242,18
709236.585,4086070.971,209.023,147.930,18
709236.560,4086068.868,214.297,152.422,18
709236.544,4086066.870,210.859,152.891,18
709236.580,4086064.854,206.172,149.102,18
709236.707,4086062.807,207.461,146.914,18
709236.872,4086060.740,210.078,149.141,18
709236.963,4086058.632,204.688,147.813,18
709236.994,4086056.480,204.570,144.297,18
709237.010,4086054.372,207.930,147.383,18
709237.018,4086052.332,208.555,147.969,18
709237.027,4086050.172,201.719,143.672,18
709237.047,4086047.852,192.617,137.305,18
709237.145,4086045.541,190.430,135.742,18
709237.367,4086043.321,181.445,130.195,18
709237.625,4086041.140,182.422,130.703,18
709237.827,4086038.886,180.859,133.359,18
709237.957,4086036.658,178.789,129.492,18
709237.973,4086034.511,181.641,128.398,18
709237.809,4086032.408,178.711,127.344,18
709237.556,4086030.305,176.250,124.844,18
709237.351,4086028.122,168.516,119.922,18
709237.170,4086025.904,165.117,121.016,18
709236.982,4086023.658,154.219,111.953,18
709236.874,4086021.355,154.063,110.313,18
709237.005,4086019.125,165.586,121.484,18
709237.399,4086016.998,180.039,128.125,18
709237.774,4086014.870,190.938,137.695,18
709237.945,4086012.632,202.266,148.164,18
709238.006,4086010.285,206.055,151.523,18
709237.990,4086007.934,208.281,151.914,18
709237.919,4086005.545,211.250,153.398,18
709237.931,4086003.088,208.164,151.172,18
709238.086,4086000.635,214.297,155.586,18
709238.271,4085998.239,207.969,151.094,18
709238.522,4085995.944,195.781,140.820,18
709238.828,4085993.625,176.719,129.102,18
709239.017,4085991.143,173.516,130.547,18
709239.118,4085988.647,161.836,119.102,18
709239.224,4085986.185,148.242,111.563,18
709239.383,4085983.756,144.375,109.883,18
709239.600,4085981.337,145.352,108.711,18
709239.797,4085978.902,152.031,111.797,18
709239.923,4085976.493,155.859,117.188,18
709239.981,4085974.121,152.734,113.633,18
709240.061,4085971.735,150.820,112.617,18
709240.261,4085969.261,153.594,116.641,18
709240.526,4085966.697,149.102,114.648,18
709240.752,4085964.112,145.547,111.758,18
709240.949,4085961.496,143.320,111.055,18
709241.039,4085959.154,143.828,112.539,18
709240.967,4085957.323,141.055,109.336,18
709240.909,4085955.522,139.102,108.828,18
709240.968,4085953.415,140.938,109.453,18
709241.100,4085951.247,145.938,115.430,18
709241.327,4085949.152,149.961,119.023,18
709241.538,4085947.050,148.008,113.438,18
709241.519,4085944.974,148.008,112.500,18
709241.361,4085942.987,149.180,115.586,18
709241.267,4085940.993,147.695,113.945,18
709241.197,4085938.961,153.320,118.594,18
709241.242,4085936.892,157.148,120.859,18
709241.534,4085934.691,165.313,126.172,18
709241.817,4085932.340,172.383,129.609,18
709241.942,4085929.940,177.500,136.094,18
709242.025,4085927.534,188.242,143.672,18
709242.080,4085925.088,191.367,146.250,18
709242.083,4085922.750,183.516,136.445,18
709242.169,4085920.529,177.422,132.109,18
709242.414,4085918.287,177.969,133.242,18
709242.738,4085916.019,186.797,137.969,18
709243.054,4085913.784,198.984,147.656,18
709243.295,4085911.600,202.344,148.320,18
709218.649,4085905.140,138.203,96.016,19
709218.384,4085906.040,139.805,97.656,19
709218.269,4085906.972,142.656,102.266,19
709218.234,4085908.174,145.781,105.742,19
709218.243,4085909.649,145.469,106.484,19
709218.357,4085911.329,145.664,108.867,19
709218.509,4085913.159,143.945,111.445,19
709218.486,4085915.026,141.758,109.492,19
709218.344,4085916.832,140.156,105.938,19
709218.334,4085918.633,141.719,107.070,19
709218.435,4085920.459,142.383,109.375,19
709218.340,4085922.355,142.344,107.188,19
709218.012,4085924.393,144.492,110.391,19
709217.756,4085926.421,145.078,110.234,19
709217.661,4085928.445,145.781,110.430,19
709217.591,4085930.491,151.523,114.766,19
709217.387,4085932.351,158.242,120.078,19
709217.063,4085934.028,161.445,122.734,19
709216.890,4085935.753,165.938,127.227,19
709216.979,4085937.516,161.367,124.063,19
709217.212,4085939.332,162.188,122.422,19
709217.393,4085941.444,162.578,125.742,19
709217.337,4085943.653,151.328,116.797,19
709217.099,4085945.864,151.250,112.109,19
709216.862,4085948.179,152.031,110.820,19
709216.816,4085950.498,154.414,113.633,19
709216.772,4085952.783,157.422,116.172,19
709216.760,4085954.972,158.789,116.914,19
709216.964,4085957.183,159.023,116.445,19
709217.138,4085959.341,160.625,115.859,19
709217.201,4085961.298,159.805,117.617,19
709217.094,4085963.200,162.109,119.883,19
709216.813,4085965.241,164.453,120.586,19
709216.614,4085967.314,167.539,123.516,19
709216.446,4085969.397,164.180,121.289,19
709216.250,4085971.515,162.148,121.250,19
709216.229,4085973.700,155.898,112.148,19
709216.289,4085975.867,165.000,119.336,19
709216.288,4085977.952,168.633,124.766,19
709216.335,4085980.046,155.508,114.336,19
709216.380,4085982.190,153.945,113.438,19
709216.351,4085984.440,156.719,113.906,19
709216.376,4085986.693,164.180,121.836,19
709216.342,4085988.821,171.328,126.250,19
709216.201,4085990.920,173.477,130.156,19
709215.974,4085992.988,178.789,130.781,19
709215.640,4085995.122,181.484,133.242,19
709215.375,4085997.327,184.688,140.273,19
709215.209,4085999.540,173.711,127.969,19
709215.044,4086001.832,175.039,130.234,19
709214.971,4086004.089,179.453,136.602,19
709214.848,4086006.306,160.820,123.789,19
709214.591,4086008.450,145.508,108.125,19
709214.287,4086010.512,138.281,102.539,19
709214.054,4086012.534,137.617,102.969,19
709214.068,4086014.557,137.422,103.555,19
709214.170,4086016.677,143.867,107.852,19
709214.237,4086018.843,140.547,106.484,19
709214.307,4086021.053,140.078,101.641,19
709214.339,4086023.381,154.648,110.352,19
709214.338,4086025.742,173.359,125.313,19
709214.294,4086028.181,186.289,135.313,19
709214.169,4086030.690,184.258,131.211,19
709214.020,4086033.195,173.984,120.898,19
709213.800,4086035.800,170.078,118.906,19
709213.640,4086038.478,166.992,118.281,19
709213.671,4086041.119,164.414,116.602,19
709213.668,4086043.675,173.516,121.016,19
709213.543,4086046.117,178.555,125.195,19
709213.298,4086048.467,184.844,128.828,19
709212.979,4086050.741,184.219,127.813,19
709212.721,4086053.033,181.719,127.227,19
709212.558,4086055.350,189.766,127.891,19
709212.504,4086057.677,205.039,140.000,19
709212.562,4086060.076,203.164,141.328,19
709212.589,4086062.495,194.102,136.094,19
709212.559,4086064.921,177.305,124.688,19
709212.493,4086067.345,179.141,130.898,19
709212.429,4086069.741,180.859,127.969,19
709212.421,4086072.128,192.813,136.406,19
709212.396,4086074.479,207.422,147.773,19
709212.417,4086076.814,217.227,155.586,19
709212.444,4086079.109,222.813,156.758,19
709212.460,4086081.353,227.148,160.703,19
709212.520,4086083.665,224.453,161.250,19
709212.517,4086085.973,223.086,162.383,19
709212.505,4086088.298,224.414,168.633,19
709212.542,4086090.709,236.602,184.023,19
709212.663,4086093.127,245.547,188.398,19
709212.723,4086095.659,246.641,191.484,19
709212.594,4086098.295,252.813,191.328,19
709212.416,4086100.974,262.031,200.938,19
709212.276,4086103.655,239.883,186.406,19
709212.209,4086106.291,215.039,166.172,19
709212.121,4086108.920,213.359,162.578,19
709211.980,4086111.477,217.969,161.211,19
709211.825,4086113.968,229.922,172.344,19
709211.692,4086116.374,231.484,176.992,19
709211.590,4086118.741,228.789,170.352,19
709211.430,4086121.227,231.914,171.211,19
709211.127,4086123.819,236.836,177.930,19
709210.818,4086126.509,237.617,184.688,19
709210.654,4086129.288,235.469,178.906,19
709210.597,4086131.974,244.336,183.516,19
709210.585,4086134.626,245.508,186.484,19
709210.556,4086137.243,243.594,185.820,19
709210.418,4086139.759,237.266,182.500,19
709210.197,4086142.170,231.484,179.297,19
709209.974,4086144.538,230.352,177.930,19
709209.867,4086147.014,228.789,175.977,19
709209.937,4086149.545,231.992,178.984,19
709209.877,4086152.076,229.375,175.195,19
709209.648,4086154.624,235.703,178.516,19
709209.590,4086157.161,242.422,185.156,19
709209.690,4086159.735,244.805,186.523,19
709209.722,4086162.351,242.930,186.211,19
709209.662,4086164.941,249.961,187.305,19
709209.527,4086167.512,257.344,198.672,19
709209.382,4086170.105,261.484,198.320,19
709209.245,4086172.777,270.547,203.477,19
709209.061,4086175.444,285.000,215.703,19
709208.845,4086178.095,279.961,208.281,19
709208.683,4086180.777,279.609,208.867,19
709208.504,4086183.467,288.320,212.305,19
709208.257,4086186.260,295.508,217.656,19
709208.111,4086189.082,298.867,225.156,19
709208.148,4086191.817,286.094,217.344,19
709208.176,4086194.498,285.469,213.359,19
709207.958,4086197.187,284.961,212.773,19
709207.641,4086199.937,271.680,198.711,19
709207.471,4086202.735,271.758,197.031,19
709207.416,4086205.582,300.938,226.211,19
709207.392,4086208.460,311.250,240.078,19
709207.360,4086211.337,291.563,222.813,19
709207.305,4086214.242,280.352,212.227,19
709207.246,4086217.146,271.289,196.758,19
709207.091,4086220.001,279.023,204.922,19
709206.825,4086222.826,286.602,208.672,19
709206.616,4086225.600,284.688,215.391,19
709206.456,4086228.385,266.094,203.750,19
709206.331,4086231.193,255.508,187.852,19
709206.288,4086234.035,271.875,202.617,19
709206.286,4086236.872,275.938,207.500,19
709206.303,4086239.634,269.258,198.828,19
709206.376,4086242.402,266.641,199.297,19
709206.303,4086245.196,266.563,201.875,19
709206.036,4086247.989,261.953,209.180,19
709205.940,4086250.772,259.961,201.328,19
709206.020,4086253.533,265.547,217.891,19
709205.996,4086256.327,264.609,215.820,19
709205.822,4086259.151,278.086,220.352,19
709205.607,4086261.950,277.617,215.000,19
709205.421,4086264.749,265.625,204.180,19
709205.329,4086267.569,257.734,199.570,19
709205.247,4086270.450,257.773,196.094,19
709205.023,4086273.363,251.133,195.078,19
709204.698,4086276.249,247.852,186.875,19
709204.383,4086279.112,246.992,189.102,19
709204.177,4086281.906,252.930,193.984,19
709204.097,4086284.690,257.227,199.922,19
709204.103,4086287.525,268.477,204.453,19
709204.098,4086290.350,271.797,207.578,19
709204.007,4086293.153,265.156,193.945,19
709203.885,4086295.948,266.641,191.016,19
709203.769,4086298.787,266.680,190.859,19
709203.696,4086301.660,277.852,202.266,19
709203.682,4086304.573,268.047,204.453,19
709203.648,4086307.524,232.188,169.492,19
709203.567,4086310.459,218.711,158.984,19
709203.448,4086313.356,225.078,162.383,19
709203.322,4086316.099,225.430,159.258,19
709203.139,4086318.630,221.523,155.156,19
709202.781,4086320.827,222.266,157.773,19
709202.328,4086322.482,226.836,160.039,19
709201.811,4086323.767,233.398,167.773,19
709201.007,4086324.874,241.563,177.031,19
709199.922,4086325.658,245.625,177.500,19
709198.847,4086326.084,246.602,179.102,19
709175.023,4086323.096,288.359,237.070,20
709174.877,4086321.620,250.820,173.320,20
709175.176,4086319.992,229.883,159.727,20
709175.497,4086318.333,224.531,163.789,20
709175.582,4086316.613,235.859,169.883,20
709175.579,4086314.757,228.398,170.352,20
709175.542,4086312.961,227.031,163.828,20
709175.502,4086311.175,229.297,164.727,20
709175.534,4086309.307,234.180,173.867,20
709175.584,4086307.380,231.914,174.727,20
709175.655,4086305.411,237.656,179.102,20
709175.717,4086303.467,238.203,184.531,20
709175.696,4086301.415,228.867,175.547,20
709175.716,4086299.333,217.891,161.563,20
709175.847,4086297.208,211.172,154.922,20
709176.072,4086295.043,215.430,158.477,20
709176.319,4086293.001,223.203,164.609,20
709176.484,4086290.948,226.680,165.664,20
709176.535,4086288.917,230.586,170.078,20
709176.445,4086286.864,236.563,178.125,20
709176.372,4086284.745,237.383,179.844,20
709176.524,4086282.590,247.500,186.602,20
709176.655,4086280.353,241.836,183.477,20
709176.591,4086278.091,237.383,168.906,20
709176.596,4086275.752,249.883,181.719,20
709176.685,4086273.315,260.273,194.648,20
709176.722,4086270.785,258.633,196.289,20
709176.857,4086268.265,251.133,192.031,20
709177.119,4086265.847,251.523,189.570,20
709177.370,4086263.444,258.203,192.422,20
709177.526,4086261.128,259.023,200.469,20
709177.611,4086258.940,262.266,199.766,20
709177.585,4086256.717,261.836,199.375,20
709177.402,4086254.532,269.258,202.617,20
709177.233,4086252.325,279.961,210.000,20
709177.214,4086250.046,285.742,216.797,20
709177.380,4086247.728,289.766,218.945,20
709177.619,4086245.358,292.070,228.711,20
709177.771,4086243.073,287.344,218.008,20
709177.878,4086240.836,279.648,213.242,20
709178.069,4086238.577,267.070,207.617,20
709178.246,4086236.296,258.633,191.484,20
709178.347,4086233.915,263.203,197.109,20
709178.485,4086231.571,259.102,191.875,20
709178.692,4086229.276,266.406,201.563,20
709178.980,4086226.980,274.258,207.656,20
709179.250,4086224.718,282.578,214.727,20
709179.344,4086222.398,289.219,224.180,20
709179.277,4086220.129,275.039,217.969,20
709179.243,4086217.925,262.852,214.023,20
709179.314,4086215.769,249.375,199.688,20
709179.363,4086213.627,252.461,205.977,20
709179.355,4086211.429,250.391,205.430,20
709179.416,4086209.261,243.164,195.938,20
709179.666,4086207.112,233.750,185.391,20
709179.934,4086204.992,234.766,186.641,20
709180.021,4086202.846,227.266,176.523,20
709180.060,4086200.596,231.094,175.898,20
709180.121,4086198.361,237.070,177.070,20
709180.159,4086196.176,246.992,189.844,20
709180.229,4086194.030,257.344,200.273,20
709180.416,4086191.866,263.398,202.891,20
709180.623,4086189.559,281.523,211.836,20
709180.681,4086187.207,284.297,221.719,20
709180.617,4086184.919,261.328,201.250,20
709180.524,4086182.610,244.336,184.219,20
709180.464,4086180.248,250.195,184.297,20
709180.424,4086177.880,264.688,200.117,20
709180.367,4086175.513,275.820,206.484,20
709180.393,4086173.104,274.297,204.922,20
709180.548,4086170.589,271.484,196.094,20
709180.751,4086167.994,270.469,200.313,20
709180.933,4086165.368,256.953,189.375,20
709181.034,4086162.819,256.484,185.781,20
709181.097,4086160.319,260.078,187.148,20
709181.157,4086157.802,257.656,185.117,20
709181.205,4086155.271,251.172,180.078,20
709181.277,4086152.675,253.359,181.445,20
709181.356,4086150.052,253.008,181.719,20
709181.472,4086147.453,241.602,178.164,20
709181.669,4086144.838,229.023,161.602,20
709181.925,4086142.213,232.578,159.727,20
709182.202,4086139.557,239.180,169.180,20
709182.398,4086136.926,240.547,169.688,20
709182.484,4086134.315,235.000,167.344,20
709182.582,4086131.734,233.867,165.664,20
709182.762,4086129.193,231.602,165.352,20
709183.028,4086126.651,226.016,164.336,20
709183.407,4086124.191,219.805,161.602,20
709183.767,4086121.870,212.227,155.977,20
709183.991,4086119.651,216.602,165.586,20
709184.102,4086117.440,227.383,174.453,20
709184.162,4086115.135,237.148,180.430,20
709184.155,4086112.800,248.516,194.805,20
709184.036,4086110.488,249.219,192.813,20
709183.951,4086108.226,240.938,182.695,20
709183.991,4086106.060,226.445,173.281,20
709184.037,4086103.914,223.906,171.484,20
709184.083,4086101.698,226.680,174.492,20
709184.208,4086099.404,232.031,176.953,20
709184.320,4086097.043,239.727,183.633,20
709184.406,4086094.646,243.477,190.547,20
709184.629,4086092.207,241.328,190.625,20
709184.899,4086089.739,241.211,193.711,20
709184.986,4086087.325,249.883,198.047,20
709184.988,4086084.981,248.516,198.164,20
709185.096,4086082.638,235.703,182.422,20
709185.197,4086080.273,230.625,173.320,20
709185.228,4086077.955,236.914,178.516,20
709185.302,4086075.604,254.609,192.227,20
709185.371,4086073.122,265.078,201.914,20
709185.482,4086070.692,258.984,199.336,20
709185.803,4086068.419,252.656,191.758,20
709186.206,4086066.196,243.086,187.539,20
709186.405,4086063.943,241.875,185.195,20
709186.401,4086061.608,231.758,172.266,20
709186.441,4086059.257,231.445,173.359,20
709186.579,4086056.951,234.336,174.688,20
709186.661,4086054.670,226.406,170.938,20
709186.766,4086052.392,212.500,162.031,20
709186.999,4086050.191,196.484,150.156,20
709187.129,4086048.092,191.211,144.102,20
709186.998,4086045.945,192.461,143.867,20
709186.818,4086043.693,194.609,144.023,20
709186.759,4086041.476,198.438,146.367,20
709186.745,4086039.242,201.719,148.125,20
709186.803,4086036.909,196.563,148.672,20
709187.001,4086034.509,192.031,145.156,20
709187.264,4086032.143,183.438,137.344,20
709187.422,4086029.868,179.336,135.273,20
709187.459,4086027.602,168.320,131.328,20
709187.547,4086025.333,161.523,124.336,20
709187.767,4086023.075,158.906,125.469,20
709188.048,4086020.789,161.992,129.180,20
709188.286,4086018.497,164.922,129.141,20
709188.446,4086016.244,163.984,127.539,20
709188.558,4086014.046,168.516,131.406,20
709188.588,4086011.856,165.234,129.570,20
709188.468,4086009.591,158.320,123.906,20
709188.356,4086007.208,153.672,120.625,20
709188.412,4086004.804,157.344,119.531,20
709188.623,4086002.491,164.414,126.406,20
709188.822,4086000.208,165.195,126.680,20
709188.805,4085997.941,160.273,122.578,20
709188.714,4085995.733,160.313,122.461,20
709188.731,4085993.547,159.727,122.656,20
709188.914,4085991.366,161.055,124.883,20
709189.220,4085989.212,172.656,135.313,20
709189.363,4085987.039,177.070,138.516,20
709189.247,4085984.842,173.984,135.664,20
709189.250,4085982.612,171.406,132.383,20
709189.484,4085980.404,161.758,127.109,20
709189.629,4085978.187,153.086,119.297,20
709189.581,4085975.951,150.898,115.820,20
709189.538,4085973.747,146.055,112.695,20
709189.595,4085971.524,141.211,109.844,20
709189.620,4085969.324,137.695,107.891,20
709189.608,4085967.144,142.344,109.219,20
709189.608,4085964.952,144.766,111.367,20
709189.596,4085962.692,144.844,111.367,20
709189.523,4085960.368,142.305,109.727,20
709189.363,4085958.086,141.055,109.453,20
709189.363,4085955.914,142.266,110.195,20
709189.542,4085953.833,141.875,110.664,20
709189.742,4085951.759,141.016,110.508,20
709189.975,4085949.645,141.406,109.492,20
709190.174,4085947.482,142.461,108.672,20
709190.387,4085945.162,145.234,107.813,20
709190.651,4085942.710,145.703,107.734,20
709190.910,4085940.296,138.086,102.148,20
709191.100,4085937.880,135.000,101.328,20
709191.248,4085935.517,134.844,100.938,20
709191.431,4085933.250,132.539,98.242,20
709191.668,4085930.899,129.609,94.961,20
709191.900,4085928.525,132.539,99.297,20
709192.056,4085926.240,131.875,100.664,20
709192.150,4085923.990,132.344,101.289,20
709192.218,4085921.712,136.445,104.023,20
709192.237,4085919.385,138.984,107.266,20
709192.241,4085917.069,146.250,109.414,20
709192.309,4085914.790,154.375,112.656,20
709192.538,4085912.560,157.852,114.492,20
709192.898,4085910.375,159.375,118.086,20
709193.118,4085908.189,164.219,121.914,20
709193.149,4085906.061,169.922,127.734,20
709193.164,4085904.011,167.500,124.492,20
709193.199,4085902.086,159.219,119.023,20
709193.124,4085900.292,152.109,112.461,20
709170.141,4085915.189,127.031,98.125,21
709170.022,4085916.459,128.672,100.352,21
709169.953,4085917.786,127.461,96.875,21
709170.180,4085919.091,124.102,93.594,21
709170.457,4085920.529,119.063,85.781,21
709170.434,4085922.165,119.648,84.922,21
709170.356,4085923.747,119.453,84.297,21
709170.468,4085925.427,118.242,83.164,21
709170.687,4085927.235,117.422,81.836,21
709170.902,4085929.019,116.367,82.539,21
709170.976,4085930.837,112.383,78.672,21
709170.923,4085932.610,106.211,75.469,21
709170.785,4085934.294,105.898,76.016,21
709170.666,4085935.944,108.750,75.039,21
709170.548,4085937.684,112.852,77.344,21
709170.324,4085939.536,116.680,84.141,21
709170.144,4085941.505,121.211,86.641,21
709170.257,4085943.483,122.188,87.031,21
709170.505,4085945.294,123.320,89.258,21
709170.461,4085947.042,124.805,89.375,21
709170.161,4085948.882,126.094,90.508,21
709169.834,4085950.813,129.297,92.344,21
709169.623,4085952.825,130.313,94.453,21
709169.552,4085954.792,130.781,94.961,21
709169.521,4085956.570,125.977,90.820,21
709169.421,4085958.306,116.953,81.563,21
709169.239,4085960.153,111.992,78.516,21
709169.069,4085962.184,111.523,78.125,21
709168.967,4085964.320,112.930,80.547,21
709168.810,4085966.476,116.172,84.219,21
709168.469,4085968.592,125.742,90.039,21
709168.130,4085970.652,124.258,92.188,21
709168.046,4085972.716,130.195,94.180,21
709168.033,4085974.669,124.883,92.266,21
709167.854,4085976.502,122.383,88.516,21
709167.681,4085978.343,119.336,85.352,21
709167.598,4085980.285,118.477,86.211,21
709167.497,4085982.348,122.695,88.477,21
709167.367,4085984.404,127.344,94.414,21
709167.239,4085986.426,125.000,90.625,21
709167.172,4085988.526,121.875,86.914,21
709167.329,4085990.753,122.617,85.859,21
709167.677,4085993.085,125.820,87.422,21
709167.843,4085995.341,123.359,87.305,21
709167.715,4085997.398,120.156,83.477,21
709167.551,4085999.368,119.883,83.945,21
709167.361,4086001.391,122.617,86.250,21
709167.081,4086003.565,123.828,85.977,21
709166.928,4086005.734,124.375,88.164,21
709166.977,4086007.790,124.805,89.453,21
709167.031,4086009.754,127.227,91.641,21
709167.037,4086011.635,128.203,94.414,21
709167.035,4086013.528,136.641,101.328,21
709167.010,4086015.405,134.922,102.656,21
709166.928,4086017.312,136.172,100.977,21
709166.885,4086019.342,142.305,105.000,21
709166.904,4086021.433,144.219,106.719,21
709166.846,4086023.533,147.813,110.547,21
709166.688,4086025.575,158.320,117.383,21
709166.521,4086027.592,166.211,123.633,21
709166.431,4086029.640,170.117,127.500,21
709166.391,4086031.691,175.977,131.797,21
709166.349,4086033.827,177.852,133.359,21
709166.312,4086036.019,176.055,131.172,21
709166.267,4086038.233,177.070,131.602,21
709166.215,4086040.498,168.789,128.125,21
709166.201,4086042.711,166.797,126.523,21
709166.257,4086044.832,162.969,122.969,21
709166.370,4086046.789,165.273,123.008,21
709166.384,4086048.646,160.156,120.195,21
709166.165,4086050.511,158.516,115.547,21
709165.901,4086052.305,159.766,115.898,21
709165.815,4086054.188,160.586,116.250,21
709165.851,4086056.329,166.875,122.500,21
709165.814,4086058.611,173.125,124.844,21
709165.680,4086060.938,177.891,130.664,21
709165.540,4086063.258,181.719,138.672,21
709165.447,4086065.571,179.375,137.930,21
709165.396,4086067.896,171.289,132.383,21
709165.298,4086070.206,172.422,132.773,21
709165.106,4086072.507,176.523,136.055,21
709164.934,4086074.827,175.820,133.164,21
709164.781,4086077.190,180.703,134.219,21
709164.534,4086079.576,180.859,138.828,21
709164.278,4086082.028,189.883,139.336,21
709164.112,4086084.578,198.828,147.188,21
709163.966,4086087.128,190.781,142.852,21
709163.750,4086089.615,181.523,140.352,21
709163.461,4086092.083,173.945,135.977,21
709163.169,4086094.571,166.016,126.992,21
709162.973,4086097.104,169.063,123.828,21
709162.873,4086099.674,173.242,123.711,21
709162.793,4086102.245,188.477,150.508,21
709162.813,4086104.755,214.336,177.578,21
709162.944,4086107.148,205.820,174.023,21
709162.956,4086109.416,193.594,148.477,21
709162.826,4086111.551,184.297,137.539,21
709162.695,4086113.648,191.953,142.578,21
709162.606,4086115.742,200.469,148.711,21
709162.522,4086117.795,199.688,148.320,21
709162.376,4086119.823,201.797,146.094,21
709162.210,4086121.813,195.938,142.656,21
709162.159,4086123.734,187.539,134.844,21
709162.253,4086125.637,182.891,130.547,21
709162.352,4086127.542,182.695,130.820,21
709162.363,4086129.457,178.867,127.070,21
709162.310,4086131.388,178.242,127.656,21
709162.231,4086133.379,184.805,133.555,21
709162.217,4086135.464,193.477,140.547,21
709162.326,4086137.612,200.273,148.750,21
709162.434,4086139.845,200.391,149.570,21
709162.447,4086142.041,200.508,153.008,21
709162.317,4086144.097,201.680,152.070,21
709162.102,4086146.194,200.195,151.875,21
709161.953,4086148.364,199.492,153.086,21
709161.879,4086150.533,198.984,153.555,21
709161.856,4086152.692,204.258,158.555,21
709161.868,4086154.880,208.281,162.852,21
709161.796,4086157.084,209.883,164.297,21
709161.563,4086159.270,199.922,154.336,21
709161.291,4086161.487,197.148,152.969,21
709161.060,4086163.734,196.797,151.484,21
709160.851,4086165.998,194.336,149.961,21
709160.745,4086168.296,193.633,147.344,21
709160.727,4086170.617,189.063,141.602,21
709160.695,4086173.004,184.922,137.930,21
709160.675,4086175.386,185.195,133.828,21
709160.631,4086177.729,183.867,134.648,21
709160.516,4086180.109,183.945,136.875,21
709160.373,4086182.399,181.250,135.586,21
709160.258,4086184.574,181.758,138.086,21
709160.144,4086186.737,181.875,137.930,21
709159.984,4086188.876,184.375,139.805,21
709159.809,4086191.018,186.680,140.703,21
709159.649,4086193.183,186.641,137.266,21
709159.601,4086195.390,189.492,136.563,21
709159.672,4086197.695,190.938,136.211,21
709159.750,4086200.110,190.508,136.406,21
709159.821,4086202.624,194.297,142.422,21
709159.840,4086205.141,196.094,148.203,21
709159.747,4086207.628,211.406,159.453,21
709159.622,4086210.061,217.266,167.461,21
709159.463,4086212.497,221.719,166.953,21
709159.250,4086215.015,227.930,177.070,21
709159.094,4086217.552,224.297,167.852,21
709159.014,4086220.071,227.461,172.070,21
709158.893,4086222.560,223.828,172.344,21
709158.698,4086225.046,220.781,168.633,21
709158.567,4086227.631,218.242,163.945,21
709158.422,4086230.232,211.055,158.125,21
709158.225,4086232.796,201.133,153.281,21
709158.109,4086235.316,199.375,150.977,21
709158.002,4086237.921,202.188,153.008,21
709157.828,4086240.742,209.297,155.469,21
709157.627,4086243.660,224.414,169.336,21
709157.401,4086246.585,234.844,174.219,21
709157.166,4086249.393,247.422,177.734,21
709156.952,4086252.065,254.336,184.570,21
709156.787,4086254.838,252.578,181.836,21
709156.657,4086257.727,249.609,177.305,21
709156.540,4086260.672,270.820,200.625,21
709156.447,4086263.574,279.922,221.641,21
709156.513,4086266.412,259.922,187.813,21
709156.612,4086269.328,230.234,164.688,21
709156.556,4086272.240,209.922,153.594,21
709156.406,4086275.160,201.875,147.344,21
709156.227,4086278.100,209.570,151.172,21
709156.067,4086281.021,211.836,155.195,21
709155.949,4086283.942,210.195,155.859,21
709155.859,4086286.769,211.836,157.539,21
709155.834,4086289.500,207.031,151.289,21
709155.720,4086292.225,207.305,149.844,21
709155.447,4086294.945,214.688,155.234,21
709155.230,4086297.691,215.664,158.438,21
709155.165,4086300.470,211.602,158.086,21
709155.152,4086303.276,204.922,150.234,21
709155.069,4086306.030,199.141,146.406,21
709154.891,4086308.694,194.922,143.516,21
709154.769,4086311.276,188.125,139.336,21
709154.681,4086313.692,186.641,137.930,21
709154.322,4086316.030,205.703,146.758,21
709153.553,4086318.031,254.961,190.469,21
709152.592,4086319.621,280.898,226.992,21
709151.736,4086321.122,281.016,211.211,21
709131.800,4086313.126,181.211,129.297,22
709132.035,4086311.797,180.938,134.219,22
709132.032,4086310.243,177.461,132.813,22
709132.032,4086308.591,175.703,130.820,22
709131.883,4086306.918,177.578,129.531,22
709131.760,4086305.250,180.078,133.789,22
709131.806,4086303.393,180.273,132.891,22
709131.956,4086301.447,185.664,136.055,22
709132.118,4086299.717,189.102,138.711,22
709132.209,4086298.032,192.969,142.813,22
709132.190,4086296.205,190.352,140.938,22
709132.212,4086294.339,190.078,141.055,22
709132.443,4086292.486,186.563,138.203,22
709132.827,4086290.565,190.938,139.883,22
709133.112,4086288.603,193.633,141.445,22
709133.214,4086286.772,198.828,146.367,22
709133.184,4086284.921,199.258,145.195,22
709133.161,4086282.979,197.031,142.891,22
709133.141,4086281.059,190.273,138.750,22
709133.210,4086279.169,189.023,135.664,22
709133.375,4086277.264,185.898,133.281,22
709133.410,4086275.338,184.570,133.945,22
709133.574,4086273.290,185.313,133.789,22
709134.031,4086271.321,182.344,132.227,22
709134.174,4086269.432,178.750,128.203,22
709133.912,4086267.367,179.336,130.234,22
709133.790,4086265.320,184.414,136.133,22
709133.845,4086263.277,191.445,141.641,22
709133.883,4086261.126,189.648,139.844,22
709133.969,4086258.936,181.133,134.336,22
709134.241,4086256.784,175.664,128.477,22
709134.464,4086254.653,176.602,131.367,22
709134.524,4086252.481,178.828,130.430,22
709134.642,4086250.245,178.477,131.055,22
709134.854,4086248.004,180.313,132.383,22
709135.031,4086245.828,178.750,132.188,22
709135.090,4086243.695,178.398,132.539,22
709135.100,4086241.530,176.641,130.938,22
709135.089,4086239.290,174.297,126.953,22
709135.050,4086237.094,170.898,126.133,22
709135.083,4086234.876,172.383,126.016,22
709135.366,4086232.596,173.672,127.617,22
709135.647,4086230.290,175.664,125.977,22
709135.801,4086227.852,178.398,130.000,22
709135.745,4086225.447,175.742,126.016,22
709135.633,4086223.115,184.883,131.055,22
709135.701,4086220.791,191.797,134.727,22
709135.773,4086218.446,191.016,134.766,22
709135.849,4086216.011,189.883,132.109,22
709135.939,4086213.534,187.539,130.273,22
709136.000,4086211.092,184.453,132.344,22
709136.120,4086208.772,181.758,129.453,22
709136.469,4086206.527,174.844,125.273,22
709136.894,4086204.189,182.188,127.148,22
709137.077,4086201.799,195.977,136.953,22
709137.028,4086199.258,235.625,168.984,22
709136.927,4086196.613,275.352,255.273,22
709136.999,4086193.981,315.273,329.570,22
709137.197,4086191.455,317.969,328.320,22
709137.466,4086189.057,302.578,281.406,22
709137.743,4086186.577,286.211,243.750,22
709137.808,4086183.965,273.203,205.820,22
709137.802,4086181.228,256.445,195.039,22
709137.881,4086178.322,266.289,246.055,22
709137.910,4086175.569,309.375,291.641,22
709137.718,4086172.990,296.445,295.781,22
709137.632,4086170.455,271.172,246.914,22
709137.539,4086168.003,254.453,191.211,22
709137.305,4086165.537,237.500,166.875,22
709137.409,4086163.273,215.156,150.430,22
709137.663,4086160.942,198.320,134.648,22
709137.758,4086158.529,217.930,150.586,22
709137.701,4086156.100,230.703,158.945,22
709137.943,4086153.697,220.469,154.063,22
709138.291,4086151.420,210.430,142.539,22
709138.510,4086149.076,207.852,141.094,22
709138.603,4086146.650,209.727,144.297,22
709138.525,4086144.280,218.398,149.219,22
709138.466,4086142.106,223.750,153.555,22
709138.633,4086140.076,217.031,147.383,22
709138.783,4086137.857,211.914,143.594,22
709138.877,4086135.604,207.539,142.617,22
709139.009,4086133.448,208.555,141.836,22
709139.183,4086131.249,206.680,142.109,22
709139.188,4086129.012,198.398,135.156,22
709139.136,4086126.785,188.047,131.992,22
709139.296,4086124.483,177.422,124.180,22
709139.409,4086122.219,166.133,116.602,22
709139.508,4086120.042,156.367,111.523,22
709139.692,4086117.915,145.039,102.188,22
709139.840,4086115.706,157.656,111.523,22
709139.837,4086113.476,173.398,124.297,22
709139.801,4086111.358,179.063,129.492,22
709139.886,4086109.247,160.977,119.297,22
709140.069,4086107.153,142.773,102.305,22
709140.157,4086104.975,137.070,96.445,22
709140.260,4086102.728,138.867,97.305,22
709140.668,4086100.456,138.477,97.344,22
709140.987,4086098.142,139.414,100.078,22
709141.001,4086095.973,142.461,101.289,22
709140.985,4086093.776,147.422,105.586,22
709141.193,4086091.531,149.727,108.398,22
709141.512,4086089.389,159.063,114.297,22
709141.676,4086087.207,162.422,117.617,22
709141.694,4086084.921,161.758,116.914,22
709141.665,4086082.583,161.289,118.750,22
709141.658,4086080.221,157.617,112.578,22
709141.558,4086077.864,155.664,110.664,22
709141.544,4086075.505,157.305,110.078,22
709141.723,4086073.195,154.141,106.250,22
709141.985,4086070.904,143.945,98.828,22
709142.264,4086068.580,141.055,97.695,22
709142.472,4086066.173,142.969,100.234,22
709142.561,4086063.727,144.570,101.836,22
709142.502,4086061.354,145.234,102.266,22
709142.392,4086058.996,149.453,105.234,22
709142.374,4086056.651,154.609,108.281,22
709142.457,4086054.286,172.031,125.234,22
709142.497,4086051.807,193.672,149.063,22
709142.541,4086049.278,199.336,151.953,22
709142.615,4086046.708,194.883,172.773,22
709142.697,4086044.102,193.633,177.656,22
709142.835,4086041.460,210.625,183.203,22
709142.964,4086038.762,214.102,157.656,22
709143.070,4086036.054,215.078,162.617,22
709143.225,4086033.355,215.000,166.367,22
709143.397,4086030.681,214.609,172.148,22
709143.505,4086028.058,210.938,167.031,22
709143.621,4086025.473,227.266,178.086,22
709143.766,4086023.046,229.492,167.734,22
709143.922,4086020.690,233.438,161.914,22
709144.071,4086018.249,232.813,175.234,22
709144.160,4086015.704,219.883,164.375,22
709144.263,4086013.026,194.258,135.430,22
709144.449,4086010.374,189.023,136.328,22
709144.772,4086007.774,190.273,132.109,22
709145.046,4086005.161,184.219,131.953,22
709145.199,4086002.613,178.477,125.117,22
709145.259,4086000.009,173.672,125.273,22
709145.229,4085997.296,173.125,128.828,22
709145.247,4085994.540,169.141,125.430,22
709145.295,4085991.935,163.242,122.734,22
709145.335,4085989.387,152.852,106.172,22
709145.372,4085986.697,160.508,110.898,22
709145.442,4085983.945,169.492,120.273,22
709145.436,4085981.221,157.227,113.203,22
709145.448,4085978.567,142.891,99.648,22
709145.570,4085975.889,142.969,100.547,22
709145.607,4085973.154,147.578,104.102,22
709145.618,4085970.511,145.352,101.914,22
709145.682,4085967.915,146.289,104.219,22
709145.712,4085965.393,154.023,109.844,22
709145.764,4085962.915,149.844,108.516,22
709145.849,4085960.421,135.469,94.922,22
709145.896,4085957.927,136.758,94.180,22
709146.003,4085955.354,136.094,95.781,22
709146.151,4085952.759,134.609,94.297,22
709146.366,4085950.221,135.547,95.234,22
709146.569,4085947.687,130.313,91.797,22
709146.647,4085945.198,129.883,92.930,22
709146.731,4085942.759,133.711,97.891,22
709146.822,4085940.281,127.773,91.211,22
709146.809,4085937.773,128.125,90.000,22
709146.769,4085935.185,132.891,95.586,22
709146.845,4085932.555,131.406,93.828,22
709147.161,4085929.904,116.875,84.570,22
709147.655,4085927.332,99.102,72.852,22
709148.135,4085924.865,94.102,67.031,22
709148.457,4085922.413,96.172,68.672,22
709148.538,4085920.004,98.242,69.922,22
709148.491,4085917.590,98.516,70.859,22
709148.367,4085915.186,96.797,69.336,22
709148.269,4085912.790,94.023,67.578,22
709148.386,4085910.327,95.078,68.750,22
709148.659,4085907.919,94.531,68.125,22
709148.791,4085905.651,92.422,66.914,22
709148.677,4085903.527,92.148,67.500,22
709148.507,4085901.551,90.234,63.125,22
709148.345,4085899.678,91.133,64.922,22
709148.112,4085897.956,91.563,66.680,22
709147.557,4085896.424,90.469,64.844,22
709123.496,4085900.035,79.297,60.742,23
709123.330,4085901.873,81.250,60.273,23
709123.290,4085903.946,84.727,68.516,23
709123.319,4085906.036,81.211,63.516,23
709123.293,4085908.034,76.289,57.578,23
709123.190,4085910.009,73.008,55.391,23
709123.102,4085912.015,75.156,55.703,23
709122.963,4085914.015,77.773,58.320,23
709122.782,4085916.128,80.625,60.430,23
709122.778,4085918.388,80.938,61.445,23
709122.870,4085920.665,78.672,59.453,23
709122.905,4085922.991,77.578,57.852,23
709122.864,4085925.320,75.039,55.781,23
709122.800,4085927.622,74.180,54.844,23
709122.884,4085929.914,77.266,56.172,23
709122.898,4085932.129,83.320,61.328,23
709122.841,4085934.366,84.180,62.852,23
709122.944,4085936.655,87.930,64.766,23
709123.010,4085938.978,90.547,66.563,23
709122.972,4085941.317,96.719,69.766,23
709122.842,4085943.679,100.234,71.445,23
709122.634,4085946.137,94.609,68.516,23
709122.586,4085948.670,90.703,67.578,23
709122.606,4085951.269,90.742,65.977,23
709122.537,4085953.911,95.273,69.063,23
709122.456,4085956.522,93.867,64.453,23
709122.356,4085958.997,95.938,65.742,23
709122.281,4085961.245,100.820,71.172,23
709122.287,4085963.456,102.031,70.117,23
709122.228,4085965.616,92.461,61.328,23
709121.978,4085967.646,93.945,63.516,23
709121.758,4085969.654,95.195,66.289,23
709121.784,4085971.666,92.656,64.727,23
709121.862,4085973.655,93.555,64.805,23
709121.918,4085975.674,93.750,64.336,23
709121.790,4085977.880,94.961,65.117,23
709121.674,4085980.107,95.664,63.398,23
709121.821,4085982.235,100.820,67.070,23
709121.917,4085984.379,100.547,66.133,23
709121.944,4085986.581,101.836,65.625,23
709121.948,4085988.815,105.625,68.711,23
709121.767,4085991.010,111.172,74.805,23
709121.381,4085993.134,118.828,81.484,23
709120.899,4085995.318,121.055,82.617,23
709120.578,4085997.613,120.469,80.938,23
709120.454,4085999.967,124.531,83.945,23
709120.541,4086002.455,134.727,89.883,23
709120.799,4086004.942,152.344,106.875,23
709120.986,4086007.505,172.109,120.508,23
709121.058,4086010.266,180.000,124.063,23
709120.960,4086013.044,176.680,125.391,23
709120.726,4086015.650,155.469,107.227,23
709120.530,4086017.954,137.852,94.141,23
709120.479,4086020.157,134.414,90.586,23
709120.504,4086022.356,132.852,91.406,23
709120.552,4086024.495,128.320,89.883,23
709120.628,4086026.761,128.555,88.008,23
709120.486,4086029.121,134.258,92.070,23
709120.112,4086031.481,137.578,94.805,23
709119.769,4086033.846,143.008,97.617,23
709119.629,4086036.178,149.922,102.852,23
709119.534,4086038.644,153.516,105.039,23
709119.448,4086041.247,154.648,106.367,23
709119.403,4086044.023,152.617,104.141,23
709119.380,4086046.757,150.117,105.156,23
709119.361,4086049.406,154.766,110.039,23
709119.293,4086052.068,157.070,109.414,23
709119.174,4086054.684,151.484,104.531,23
709118.993,4086057.326,145.859,99.883,23
709118.746,4086060.040,151.211,102.227,23
709118.525,4086062.820,153.320,106.133,23
709118.428,4086065.694,153.398,108.516,23
709118.445,4086068.535,139.336,94.336,23
709118.528,4086071.349,133.906,91.406,23
709118.441,4086074.060,130.586,89.883,23
709118.249,4086076.706,131.328,90.078,23
709118.114,4086079.375,132.813,91.523,23
709117.937,4086081.924,139.102,99.180,23
709117.830,4086084.500,143.945,104.023,23
709117.731,4086087.047,141.797,99.453,23
709117.680,4086089.476,140.195,99.375,23
709117.583,4086091.826,141.328,101.719,23
709117.389,4086094.237,145.039,105.039,23
709117.298,4086096.765,140.547,100.781,23
709117.289,4086099.309,142.852,102.070,23
709117.203,4086101.858,143.242,103.984,23
709116.914,4086104.479,148.750,108.477,23
709116.678,4086107.132,147.344,105.977,23
709116.657,4086109.784,140.859,98.945,23
709116.600,4086112.444,137.188,96.133,23
709116.552,4086115.163,135.117,97.539,23
709116.578,4086117.983,138.125,97.734,23
709116.586,4086120.795,138.398,102.813,23
709116.456,4086123.612,144.375,107.500,23
709116.223,4086126.319,143.867,105.703,23
709116.043,4086129.057,145.078,104.883,23
709115.901,4086131.990,150.508,106.406,23
709115.606,4086134.928,159.219,116.016,23
709115.135,4086137.828,166.484,119.844,23
709114.789,4086140.756,166.758,119.180,23
709114.550,4086143.732,162.500,111.680,23
709114.372,4086146.772,166.445,113.477,23
709114.311,4086149.402,177.031,123.008,23
709114.152,4086151.817,183.164,128.867,23
709114.197,4086154.159,178.633,124.805,23
709114.396,4086156.593,174.258,121.836,23
709114.392,4086159.254,169.922,116.914,23
709114.230,4086161.869,174.570,121.992,23
709113.981,4086164.649,168.945,116.563,23
709113.839,4086167.585,172.813,118.906,23
709113.821,4086170.538,175.352,120.430,23
709113.721,4086173.593,180.156,123.867,23
709113.519,4086176.647,174.219,118.203,23
709113.362,4086179.774,178.867,121.484,23
709113.155,4086182.839,184.727,127.695,23
709112.978,4086185.759,178.008,123.320,23
709112.784,4086188.786,172.617,120.703,23
709112.572,4086191.826,179.453,123.320,23
709112.440,4086194.886,189.766,130.938,23
709112.306,4086197.898,193.125,130.078,23
709112.094,4086200.743,198.750,139.336,23
709111.809,4086203.316,194.922,135.078,23
709111.586,4086205.509,190.625,131.914,23
709111.402,4086207.735,192.266,131.758,23
709111.181,4086210.085,198.516,137.227,23
709111.031,4086212.517,205.078,144.258,23
709111.139,4086214.990,195.664,136.797,23
709111.195,4086217.418,186.172,127.422,23
709111.143,4086219.879,185.625,126.836,23
709111.072,4086222.298,183.203,124.492,23
709110.901,4086224.734,173.789,118.906,23
709110.828,4086227.235,175.352,120.898,23
709110.819,4086229.715,184.531,129.844,23
709110.779,4086232.364,189.609,132.109,23
709110.838,4086235.130,179.883,128.555,23
709110.896,4086237.831,163.398,114.766,23
709110.867,4086240.622,170.781,121.250,23
709110.887,4086243.443,195.781,133.633,23
709110.847,4086246.409,228.438,164.805,23
709110.755,4086249.400,242.539,176.484,23
709110.631,4086252.271,224.180,163.086,23
709110.423,4086255.044,190.273,138.086,23
709110.148,4086257.619,176.406,124.883,23
709109.849,4086260.119,183.281,127.969,23
709109.709,4086262.588,202.148,139.297,23
709109.712,4086265.029,226.445,161.094,23
709109.706,4086267.576,235.977,179.414,23
709109.659,4086270.175,233.242,180.664,23
709109.540,4086272.767,219.336,169.922,23
709109.317,4086275.387,210.352,158.398,23
709109.071,4086278.036,217.461,157.930,23
709108.614,4086280.651,219.297,171.328,23
709108.279,4086283.180,233.086,178.164,23
709108.280,4086285.658,228.594,179.766,23
709108.256,4086288.098,223.516,178.750,23
709108.087,4086290.473,226.289,185.078,23
709107.781,4086292.860,222.617,209.766,23
709107.581,4086295.230,225.703,211.133,23
709107.457,4086297.580,219.570,200.508,23
709107.451,4086299.991,217.891,192.969,23
709107.704,4086302.456,227.969,209.492,23
709108.155,4086305.037,233.906,195.703,23
709108.588,4086307.541,229.961,188.008,23
709108.869,4086309.423,235.508,175.898,23
709109.289,4086310.900,244.727,174.570,23
709109.986,4086312.204,234.375,164.336,23
709110.854,4086313.357,227.969,158.359,23
709111.566,4086314.164,217.422,157.617,23
